name,followers,popularity,type,spotify_url
Rtee,7279,37,artist,https://open.spotify.com/artist/73AUXZbgPiHjPbv66nGVq7
Ji Yeon,75548,30,artist,https://open.spotify.com/artist/4ojQ8Cy1AVup7CZ0OG68eq
Minh Đinh,26229,31,artist,https://open.spotify.com/artist/4NfuHLESitkh66LOZeyzsu
QNT,165996,44,artist,https://open.spotify.com/artist/4LuFOXq87Tg0JSl5U7yxFZ
Hoang Rob,17,0,artist,https://open.spotify.com/artist/1FBATqNkPkGDfXwOqLPQeg
Nguyễn Thắng,6186,35,artist,https://open.spotify.com/artist/2M4Ra3Rg7ByPnq9QJaYmqL
Reddy,56682,38,artist,https://open.spotify.com/artist/6QfCxUkMNgOYA4dswW2ZWN
Hồ Quỳnh Hương,152941,32,artist,https://open.spotify.com/artist/3EP4RX5LSuwDVy4mDeF1rl
Will,11472,33,artist,https://open.spotify.com/artist/3HMWKU43x9GxkGWVP1KjQT
Astac,438,29,artist,https://open.spotify.com/artist/4AYewZjulGULPhzeOWMtlJ
Obito,908704,63,artist,https://open.spotify.com/artist/0ZbgKh0FgPYeFP38nVaEGp
Ngọc Sơn,31883,22,artist,https://open.spotify.com/artist/4HmgBcUQQrxZ9UgzoBW7RJ
Xám,19502,40,artist,https://open.spotify.com/artist/0OzWJ833Wac4o3SAh38s7i
Osad,295784,41,artist,https://open.spotify.com/artist/6sJBvMCAi9NuNCxI9RDYDW
PiaLinh,4223,48,artist,https://open.spotify.com/artist/5Xn0cJrrcslCWCzPXNTy54
Friends,2542,35,artist,https://open.spotify.com/artist/6tEKn0lRsLGKdzRfJIHKFL
Giang Trang,6239,22,artist,https://open.spotify.com/artist/56BZeUGSrDYmVRjBjmJi57
Tama,19925,39,artist,https://open.spotify.com/artist/4npVRqpqmmM0MYHXTzu0o1
Young H,7781,46,artist,https://open.spotify.com/artist/25GQsAhf1lcyEADSbUVv5d
"Hoàng Yến Chibi, Tlinh, TDK",8,0,artist,https://open.spotify.com/artist/05jGpY5Ty8SVko4Oup3IB1
Cukak,193574,46,artist,https://open.spotify.com/artist/3swW6OR2g7qTY3626sqVW4
LVK,2138,44,artist,https://open.spotify.com/artist/76fm2NyyYS5cjegkXhVAlL
Helinn,1038,39,artist,https://open.spotify.com/artist/1Mvyth8k2SUg7F2H3HKjvT
Hồng Ngọc,6750,27,artist,https://open.spotify.com/artist/0gbeh1a6jor3A3vyJFVJxm
Yuno Bigboi,16995,41,artist,https://open.spotify.com/artist/1gUH71ZCFzPyLoyrSguJe1
Nguyễn Trọng Tài,33520,30,artist,https://open.spotify.com/artist/2UCPMrvFm42t3w5duYfQHl
Tuấn Hưng,308902,49,artist,https://open.spotify.com/artist/7l7DZWQaVIS13zFgSf7eb4
Ngắn,41541,47,artist,https://open.spotify.com/artist/4Xz2dDcMF1DDfwFcr8Xa5P
BMZ,9619,51,artist,https://open.spotify.com/artist/3euFcFd5Dc7JAz6t7oKg7m
Dkayz,275,31,artist,https://open.spotify.com/artist/3QBPcz2xseythnRtmXRN5G
Tùng Dương,29211,47,artist,https://open.spotify.com/artist/4rBvN6UImNzcY5abMKdAuw
TUYEN VO,935,35,artist,https://open.spotify.com/artist/0HhRjPFqN1sqrUpJA7NuDe
Canh Minh,836,10,artist,https://open.spotify.com/artist/2az8UcLcGgSxF5kkj2mloq
GoAllDay,3897,31,artist,https://open.spotify.com/artist/2bGV8Wgh1Kb4LPk1jyEnbg
Lãng,137156,43,artist,https://open.spotify.com/artist/39HlpQmjGAer2XWNh0Ro83
Tuyên,1704,28,artist,https://open.spotify.com/artist/4joNWs26XgMPKcV4hJ03hr
Lynda Trang Đài,2182,20,artist,https://open.spotify.com/artist/1iLikyUe321HTUrik5GKw4
Chun Pop,4239,8,artist,https://open.spotify.com/artist/0uB4OVAXIvjq4WnoyZIyxH
Sugar Cane,75,20,artist,https://open.spotify.com/artist/0dxoTPoa0aXYlevHgpROKE
CHIN,1038,43,artist,https://open.spotify.com/artist/0m4u79BOgeL6y2mnZA9IBf
Andy Quách,1455,23,artist,https://open.spotify.com/artist/7pF5lJvG7bsM2LlVDFuddE
Badbies,293,46,artist,https://open.spotify.com/artist/2ZjO6APYelcHcLd2pWMx8x
Quang Dũng,189553,35,artist,https://open.spotify.com/artist/1gcRVXmxLnwzd7EJn5dLGD
Biên,363,39,artist,https://open.spotify.com/artist/0nyDEI18MiJfAIDLam8scz
Đăng Khôi,5892,38,artist,https://open.spotify.com/artist/38t6Vs6rCEF4cnICHAGKYL
Phúc Bồ,1214,21,artist,https://open.spotify.com/artist/6zMLeQLwTDt4zoRzKECDqx
Quang Hùng MasterD,356629,61,artist,https://open.spotify.com/artist/0slOzRzTQb1RBBVJbvRITP
Choco Trúc Phương,1811,21,artist,https://open.spotify.com/artist/2t8L7S8i9Bm3ftU0RWuXbv
The Masked Singer,282031,50,artist,https://open.spotify.com/artist/1dwfi5uS5pfQMhAic73Q7L
M NAIVE,4916,28,artist,https://open.spotify.com/artist/2wqbmDDGHOrzvdOxAPe4JS
Lu,16255,46,artist,https://open.spotify.com/artist/0QRUD41ltP8vhaAIxMZb2H
CHILE,12,6,artist,https://open.spotify.com/artist/7LCerUSyDagKwPRY2XdfhJ
Haukong,8392,31,artist,https://open.spotify.com/artist/0UyTscBfKB6ILapfawqhFB
Nmòng Nmọc,501,0,artist,https://open.spotify.com/artist/6MrAdFD6BJV3JwatAYxU6V
Jank,56706,41,artist,https://open.spotify.com/artist/1ZlNyL0lpTRXyotxiHvgCl
titie,2632,45,artist,https://open.spotify.com/artist/2I8garg5B5BsdmetbsXsjG
Long Phạm,11303,18,artist,https://open.spotify.com/artist/6zT2FhcGjJxOkuEB1oC7MN
Lam Chi Khanh,3815,3,artist,https://open.spotify.com/artist/3gaVowq9gWieUBh54EUH8K
Liu Grace,108025,36,artist,https://open.spotify.com/artist/5DTQVDm1qjLUoAGC8v85c3
Star Online,1601,32,artist,https://open.spotify.com/artist/1lMI4zXuNgD2J4GWFkSv5Z
Mr.Siro,1126838,51,artist,https://open.spotify.com/artist/35HU1GT1q797EwZsP8uduO
Đen,4274297,61,artist,https://open.spotify.com/artist/1LEtM3AleYg1xabW6CRkpi
Lương Bích Hữu,28112,35,artist,https://open.spotify.com/artist/7JpgJSzLFVxFcMIRUhq7vV
Hoa Hậu Ngọc Diệp,22,13,artist,https://open.spotify.com/artist/7qF4bL91Q3uiAQUuHfChbt
Anh Khoa,11938,30,artist,https://open.spotify.com/artist/0r5KtuhT32hmawS8dj6jFm
Cà Nâu,877,15,artist,https://open.spotify.com/artist/1GaNXOOINBcBKwdd58rMbW
N.Diên,382,28,artist,https://open.spotify.com/artist/3GX8WfChjXZtmg51XtFhnu
JAPAN,2752,3,artist,https://open.spotify.com/artist/64X4voYmjBrXWZiIE2dVHA
Hải Đăng,58,9,artist,https://open.spotify.com/artist/6bvWOGm5G5cfov78X83UKW
Lena,28733,34,artist,https://open.spotify.com/artist/4WxO9PBJlzYXOmtln97gnT
VCC Left Hand,28987,49,artist,https://open.spotify.com/artist/3QjJx8Yp2mXYoHtiPI7VMI
Lệ Quyên,404484,43,artist,https://open.spotify.com/artist/4F5jaYapI8RtTpqwaYs4IF
Lập Nguyên,11975,32,artist,https://open.spotify.com/artist/3ymuVFLSS5P2PCK5aOmhEB
Viet Devils,4,7,artist,https://open.spotify.com/artist/2BlyTKBwIQAJnV9j9fcmNg
Lam Truong,126771,31,artist,https://open.spotify.com/artist/5tPrBvEiBBbSyMFz2u2ZMi
Trash Dee,4026,27,artist,https://open.spotify.com/artist/4d4gNVfuHfIwndxSpUyk4e
Bùi Lan Hương,53584,47,artist,https://open.spotify.com/artist/2XtMx7EHHODQSeBzDCBec9
Hà Trần,101351,37,artist,https://open.spotify.com/artist/37cUqDVdpydDd8VtNlCLuk
Magazine,1145,27,artist,https://open.spotify.com/artist/590fdPpBvFG7T7QNYiG6b5
Nguyễn Hưng,7767,28,artist,https://open.spotify.com/artist/0XMJw73nkvTjWdWBrbIoc1
DanhKa,5241,21,artist,https://open.spotify.com/artist/4Xev3lOT3J5LZ3zQaK8sAz
Hoàng Dũng,682691,55,artist,https://open.spotify.com/artist/6OzE2OdvV2tGAxSBsBuZ74
Heily,249,24,artist,https://open.spotify.com/artist/73JDHHjsNGy85o3EbEqOLk
Vũ Phụng Tiên,52020,50,artist,https://open.spotify.com/artist/70ULEgr5A3zBL12foM4bnj
Đặng Thái Bình,4105,31,artist,https://open.spotify.com/artist/0l9gyu1WOgCfMDrpnwA7et
Tien,478,35,artist,https://open.spotify.com/artist/3MvzeyFj6sJND8RBDiZVDs
Davis,60,0,artist,https://open.spotify.com/artist/2ux711TfMXmpS6UDLf6xe6
Wren Evans,609327,57,artist,https://open.spotify.com/artist/5M3ffmRiOX9Q8Y4jNeR5wu
Ricky Star,68986,40,artist,https://open.spotify.com/artist/4jQZaxfgwiUJFQagCyZNV4
Nhí,159,21,artist,https://open.spotify.com/artist/4OfJkNlrRYCpb8FqSNqHXW
Exclusive Music,13428,41,artist,https://open.spotify.com/artist/5AVxfSsSDm8zKAvxRvadEQ
VA,2207,9,artist,https://open.spotify.com/artist/5O9uIefTbAXCbSfXH6mSEQ
Orinn,561112,55,artist,https://open.spotify.com/artist/08xn7sYY4KworP8Vc3GoiU
Lâm Nhật Tiến,11804,30,artist,https://open.spotify.com/artist/02rLqQfWp5cmZYBShP1Fu5
Masew,501,15,artist,https://open.spotify.com/artist/2ahYSvxXNTvIzWBB7fg6k5
Hoàng Yến Chibi,206565,42,artist,https://open.spotify.com/artist/1Dd0DajYMxzu1Q6kuXLyJ3
Akira Phan,79211,33,artist,https://open.spotify.com/artist/2Toc6VK22Fh0kV09xFF60J
Seachains,38376,42,artist,https://open.spotify.com/artist/6UiKZD9yB7Gxjol62s431k
RINV,1084,31,artist,https://open.spotify.com/artist/7Af3wGgL2tRZt5MBihes8M
Quốc Đại,11721,24,artist,https://open.spotify.com/artist/2nfy0nJ70ftD2p3WeEVrw9
Mian Huỳnh,4,0,artist,https://open.spotify.com/artist/4ubqG3T2jKOh3RQNjymv31
Đan Trường,62904,34,artist,https://open.spotify.com/artist/5XcfMxmHUiyxc1Q283Nmxj
KIDDI,4645,36,artist,https://open.spotify.com/artist/1ONonyrTG2hZnwn3Ek5YXT
Thu Minh,36995,30,artist,https://open.spotify.com/artist/4mzMFxVZNS2uCVNdsVFoj5
Rum,18696,35,artist,https://open.spotify.com/artist/2FzQt1F2hU6M2h0w9AZ6kT
SimonC,6703,32,artist,https://open.spotify.com/artist/6zOVCw3nQ3Yjs6uzNVF2OQ
Nhóm MTV,588,4,artist,https://open.spotify.com/artist/0bj1pueoPZSysfwePchuhI
NÂN,40952,39,artist,https://open.spotify.com/artist/7mFCX07lzCFLpHm72R93oB
Trần Hải Nam,16,21,artist,https://open.spotify.com/artist/2fp1Ku5JEJ9z700i1pU8E1
Nomovodka,4332,35,artist,https://open.spotify.com/artist/79BbybQeUyNyFB8ghq4neb
Thùy Chi,519183,46,artist,https://open.spotify.com/artist/0l3YAI1xmZKCZBzduST5ft
Masew,650522,52,artist,https://open.spotify.com/artist/3nGqUwkJHiLPDECMVrX1Sq
Chơi Tới Già,1226,12,artist,https://open.spotify.com/artist/0GsvLakaynE8murCbCfxOu
Tự Long,1402,45,artist,https://open.spotify.com/artist/4fE079mjJxeepAgkukRmR3
Nguyễn Phi Hùng,10016,22,artist,https://open.spotify.com/artist/4jalOWaM2UhKpM2h71TsRP
Thanh Hưng,167505,50,artist,https://open.spotify.com/artist/14W31zJumZnGDgZuPXclTJ
JC Hưng,1217,32,artist,https://open.spotify.com/artist/5qk5V6WIairfV6qRhscsl9
Đông Thiên Đức,1574,24,artist,https://open.spotify.com/artist/5y8BH7CZdbyqobybqSv0II
Duy Mạnh,122069,35,artist,https://open.spotify.com/artist/0MDeZ8vIkpFX3QkvY0el6B
KAT,203,4,artist,https://open.spotify.com/artist/7cxmSucyUdzq45kXljKWTF
Bằng Cường,33310,23,artist,https://open.spotify.com/artist/2VXGxxVL7SU8wbYziQKMlE
Vũ Khắc Anh,601,28,artist,https://open.spotify.com/artist/1eq0KNlfrwYFlPgoOkw0oc
Thế Anh Shinichi,2451,32,artist,https://open.spotify.com/artist/6KVon2JPHz5A89ID6Ckzjt
Viruss,10528,42,artist,https://open.spotify.com/artist/6sfh0P8S3lNQ8saqj0bc7q
Goku Beats,40,7,artist,https://open.spotify.com/artist/6O4j1xcoleg0h4A5VcdWVT
Biển Của Hy Vọng,17902,33,artist,https://open.spotify.com/artist/6bLRsp9AAj3St5Ai70PPVm
Anh Quân,162,20,artist,https://open.spotify.com/artist/5jiMpnKHQljrnmMkrHYlyb
Lê Thiện Hiếu,11817,36,artist,https://open.spotify.com/artist/2U7kaq9BBq7eG2Vyn1D3Ab
Mai Chí Công,506,10,artist,https://open.spotify.com/artist/665uw8o91XjaurF6NmWWNF
Cường Seven,6961,45,artist,https://open.spotify.com/artist/6uPQqRyJMiXn3lHCh0oJIt
Uyên Linh,205618,38,artist,https://open.spotify.com/artist/2KUMXzsDcJqXZW0CRh07zP
MONO,939399,55,artist,https://open.spotify.com/artist/5jTFNkoZebPnX90CbB3F2A
ImPoe.,3113,33,artist,https://open.spotify.com/artist/0tBd6pb07JUKIq439nJM2h
Chilythoi,17,0,artist,https://open.spotify.com/artist/55IGaQFUU5CMjBq5E66Pmi
Ưng Hoàng Phúc,193442,40,artist,https://open.spotify.com/artist/4HyBLptfM7nZhrcss4if7x
Duy Anh,77,1,artist,https://open.spotify.com/artist/4BuzrduZh48JlU65nuTNAl
Koo,19563,40,artist,https://open.spotify.com/artist/19JOXyTbKnSp1QxnKEeXtq
Tăng Duy Tân,332816,54,artist,https://open.spotify.com/artist/1n9JKdEdLxrbgJiqz1WZFJ
Khoi Vu,46006,41,artist,https://open.spotify.com/artist/71Cy7nzbfpuGJAS5FGxm93
Anh Tú Atus,172392,54,artist,https://open.spotify.com/artist/62D1qvKkvUCvXEtY1xwRfo
TaylorDaClownn,2119,23,artist,https://open.spotify.com/artist/3HZZADizLAtNsAy36T8wiD
mj apanay,64328,46,artist,https://open.spotify.com/artist/2pZ83NwGQGiWxC3qJSTPBE
Zachz Winner,125426,60,artist,https://open.spotify.com/artist/3eb6CZwogsXvGkmEUYa9XV
Han Sara,199190,42,artist,https://open.spotify.com/artist/7sI2avJ3MyFstC9oKNM7py
Dờn,144,21,artist,https://open.spotify.com/artist/3RHhT6h8Tq46F9v6vzG0OT
Yuni Boo,1894,17,artist,https://open.spotify.com/artist/3yRfmWJuBCv2wEvxWKF1jh
Hồ Quang Hiếu,246944,42,artist,https://open.spotify.com/artist/3x6FwiNj93pnxxMDNRA1IR
Onic,16,0,artist,https://open.spotify.com/artist/78XntnkyWyPtRDTtoD3W2P
CHANEE,2584,24,artist,https://open.spotify.com/artist/7JYvtUIBcGDPeh79HNDaf3
Phan Đinh Tùng,85796,44,artist,https://open.spotify.com/artist/3rbFpJkaR60h3KtE4YSZWd
summerdayy,421,11,artist,https://open.spotify.com/artist/6c7kFoIy4IC56Pr5605Jnt
Hoàng Hải,4650,35,artist,https://open.spotify.com/artist/4klhLtpyQWyGGl1MXIzwMh
Huỳnh Thanh Bình,12,21,artist,https://open.spotify.com/artist/3cllIHis9we6lup5Rb3SjT
Chu Thúy Quỳnh,25580,40,artist,https://open.spotify.com/artist/62GMhABXxUBGxvaS62fxs6
ShenlongZ,1893,30,artist,https://open.spotify.com/artist/2W2R7ECObRqmV9BqrpVXpJ
Linh Miu,290,7,artist,https://open.spotify.com/artist/0D6riymIJTsZrltrYifBHv
CHARLES.,11903,36,artist,https://open.spotify.com/artist/5k9DAxaugi6ANyemUgQrgV
Nhi Nhi,2379,26,artist,https://open.spotify.com/artist/69WVr1fBDPGsMEMn3kbxZt
Vương Thiên Tuấn,644,32,artist,https://open.spotify.com/artist/6Fn83vXapSI8CyJfozQoQ0
Thịnh Suy,736061,54,artist,https://open.spotify.com/artist/2xK6qcvfXuFFbU0NL95aeo
Niz,5945,35,artist,https://open.spotify.com/artist/5iLsTjgsYTcbjkRJXrNMeS
Trần Huy Long,95,0,artist,https://open.spotify.com/artist/1Itiv4DbSZpJFknjXN77hh
Doãn Hiếu,93775,37,artist,https://open.spotify.com/artist/52UlQPpkuAzH3BTfRDevYc
Trấn Thành,13100,28,artist,https://open.spotify.com/artist/1RWwtxXnYninjXOkgunJqb
Haozi,2292,32,artist,https://open.spotify.com/artist/7DSbFoeSH8Q0JahSwax20N
Finn,717,25,artist,https://open.spotify.com/artist/3lg54DBZGbztBHc0t1f48s
Tăng Phúc,223429,45,artist,https://open.spotify.com/artist/5TSjLaWHQ69GaALubAM7gR
ybapurr,110,24,artist,https://open.spotify.com/artist/15wLQHA9NKvshYLoGDVYjF
Quang Linh,58460,24,artist,https://open.spotify.com/artist/3JwyehW3Ls8vt8GSons5eA
BlackBi,16183,27,artist,https://open.spotify.com/artist/2x0RPlLEFz7pqXlhc1bl0G
Lynk Lee,177194,47,artist,https://open.spotify.com/artist/7H9jPV9qWyp6V629038aXU
Dipper,27,23,artist,https://open.spotify.com/artist/7mKFLx8tVZRVU5MLeS2nAW
DAGIAM,488,20,artist,https://open.spotify.com/artist/0ACCThk8sjoRlvmeBJ90Hg
Lê Cát Trọng Lý,85196,31,artist,https://open.spotify.com/artist/7hLz2ZikFy4ZwDZS12Z77n
EVY,2962,33,artist,https://open.spotify.com/artist/1br1qwFrzbNkxvisBvJBbe
Marlykid,160,41,artist,https://open.spotify.com/artist/1iVDAS7uGjPmHGNxhNmJdI
Nhieu Ca Si,315,19,artist,https://open.spotify.com/artist/7IZXpBSVzymWnijFHJSykv
Thu Thuỷ,680,14,artist,https://open.spotify.com/artist/58qkW7v83Ec74KU5V6tE7l
Chi Dân,145437,32,artist,https://open.spotify.com/artist/604MsLiPn50AblFYzOg1RD
Prod Kirimi,3385,26,artist,https://open.spotify.com/artist/66MPaYLF7rYiyagIjKtRxA
Karik,471563,52,artist,https://open.spotify.com/artist/2Bwp23pD4UVsSkchHDZw4F
Phạm Lịch,7734,33,artist,https://open.spotify.com/artist/0uV9wXh91Nuk5YHYqlkVup
Văn,441,38,artist,https://open.spotify.com/artist/6BXLroL2A91OYnzzYOTDJv
Đức Phúc,1307485,57,artist,https://open.spotify.com/artist/5FWPIKz9czXWaiNtw45KQs
Công Hoà,43,22,artist,https://open.spotify.com/artist/63PjLrI2nSUI301EJlNxxX
Dangrangto,217707,66,artist,https://open.spotify.com/artist/5xY6E5PMZNtz9jDvxTRiGI
Suzie MK,440,37,artist,https://open.spotify.com/artist/2Jk4p7LgyfgScSMChOC9Pp
Saka Trương Tuyền,34234,25,artist,https://open.spotify.com/artist/06SicyiJaPtTdRWR015ZKw
Hoàng Anh,771,18,artist,https://open.spotify.com/artist/3AjL4nsDbeiFNgfgj90Tle
Orinn Sped,26736,38,artist,https://open.spotify.com/artist/4l4lGT2rWPuEJpdVvC8KMM
Na,3437,33,artist,https://open.spotify.com/artist/2WP8403CFULh73tk5ZnRdj
"Bich Phuong, 1989s Entertainment",5,0,artist,https://open.spotify.com/artist/6IaIDs4W1jgePuVHfNRz53
Toann,34,0,artist,https://open.spotify.com/artist/4ZnZypFx0yg8idEmpyCw3f
The Son,3627,32,artist,https://open.spotify.com/artist/4hmo0RtMEIDYCsEj26S1xH
Phạm Hồng Phước,62918,35,artist,https://open.spotify.com/artist/2DpuPZSraeVoLMKV5QJj7y
Ngọc Linh,178,2,artist,https://open.spotify.com/artist/4vboc9nPtpDtWoI8mgVes4
Đông Nhi,303746,42,artist,https://open.spotify.com/artist/6JTiPLdbZD2e0tDsN15U1s
Khiem,18185,46,artist,https://open.spotify.com/artist/2xyEAgqFAAy5yqRZ7mHd9c
Thiện,7,0,artist,https://open.spotify.com/artist/5Ey2QDV20TPGPcSdbOU3Gh
Lukas Graham,2567912,70,artist,https://open.spotify.com/artist/25u4wHJWxCA9vO0CzxAbK7
Hồ Việt Trung,44394,30,artist,https://open.spotify.com/artist/0XOHQOteNO7pqYk5hWs9TX
Charmy Pham,446179,39,artist,https://open.spotify.com/artist/6jFvKq4gMkQ50joURHPGXO
Pittu Quyên,45,1,artist,https://open.spotify.com/artist/7v0H5ceG2DByd6XBYSt9Hm
Stee,25,20,artist,https://open.spotify.com/artist/0qUch0lXbScZvoZRov3VYA
Trang Yue,665,9,artist,https://open.spotify.com/artist/2Hlo03qlzn5XlyVZaEsDyH
Only C,565899,50,artist,https://open.spotify.com/artist/5GBXwBVQufRCmwI1bNRIUo
Việt Quang,880,6,artist,https://open.spotify.com/artist/5Mwh4XtFlPWdFpNI5CXCix
Long Cao,25989,37,artist,https://open.spotify.com/artist/7uOyzPXtHba1TMMQA6HJhk
Andree Right Hand,398155,55,artist,https://open.spotify.com/artist/4grjJqg7iwQ8RKHs8d9Snh
Hakoota,5122,34,artist,https://open.spotify.com/artist/7kE39OIlliCniD1AhI4jsJ
Bon Nghiêm,20040,52,artist,https://open.spotify.com/artist/6hnfLIkvDl6pjlAe1YRGXY
CARA,32703,20,artist,https://open.spotify.com/artist/2UK55AFshflMYHdBySyVoC
The Flob,50044,46,artist,https://open.spotify.com/artist/0u5ikKYYDO2XGyYjNGQRGf
Phát Hồ,69459,30,artist,https://open.spotify.com/artist/1Y6nNqZKrsUSLnG5jwXVJv
BigP,1644,26,artist,https://open.spotify.com/artist/5AQtkl9E2EH6pdSZU5qy8x
Tez,53976,38,artist,https://open.spotify.com/artist/1yWLf9thhwjqScDt6Az4Z9
kidsai,64733,47,artist,https://open.spotify.com/artist/6kkA6laUMR0hzML9YY98CQ
Redshine,128,4,artist,https://open.spotify.com/artist/6V2hxt1eky76f5uVIdGjVF
2pillz,53234,56,artist,https://open.spotify.com/artist/0XtC2d9ZVigYA7iMy5YkW0
Gonzo,6305,37,artist,https://open.spotify.com/artist/3Ib80uqrBka6P4ncx6vJRF
Rum,1,26,artist,https://open.spotify.com/artist/7MDBAu1lBbXoJeqcAdROTO
Hà Bi,5,9,artist,https://open.spotify.com/artist/4XBIDOnrikyzfDsVHf1cQx
Fous,838,30,artist,https://open.spotify.com/artist/2l6JnuA4jf2M5OTxmrEdAH
Ái Phương,29742,43,artist,https://open.spotify.com/artist/5k5vCzAmH0dcRda22U9Hut
Hoàng Duyên,85459,46,artist,https://open.spotify.com/artist/3LbBKYlyMaATS8IIe7HJ0d
Hoàng Tôn,278752,49,artist,https://open.spotify.com/artist/6xRZoWlE9twEkMC5NW4Z9f
Ngah,116,19,artist,https://open.spotify.com/artist/3OSCSAgN88X1p257hrQ1Ek
Phuc海福,8836,26,artist,https://open.spotify.com/artist/427T0w6Sda4vqX3WNqJwiV
hooligan.,36229,37,artist,https://open.spotify.com/artist/4sDsgLXhS6If9HrV2mwuSx
Liên Quân Mobile,7777,32,artist,https://open.spotify.com/artist/7KHN9D81AGKzY7bUSL78FA
Hang Ho & Lee,29,0,artist,https://open.spotify.com/artist/1DVSVb33wmPeh1UPQTnY4t
Ronboogz,281931,59,artist,https://open.spotify.com/artist/0dBcEvEklr1jx4uZuhFX5e
Chie,129,31,artist,https://open.spotify.com/artist/5wKIVQA0KAsqPlLlRQeNsd
Mason Nguyen,30919,47,artist,https://open.spotify.com/artist/39UJlviUwzZGZrA8DiQy31
Hương Giang,54465,32,artist,https://open.spotify.com/artist/1L2VD3TPgcbUod5IID06xJ
VIET.,24431,35,artist,https://open.spotify.com/artist/0okOBQvuWiPJnfvvmosphN
Sóc Nâu,4956,15,artist,https://open.spotify.com/artist/3bFCDFiTz8uVUhdaepE5Mo
Huỳnh James,70303,29,artist,https://open.spotify.com/artist/1Vc9oJC8vSXfirygPAL2Du
Yan Nguyễn,11030,34,artist,https://open.spotify.com/artist/1xfmPLQJuQ5xyjXhmLWntH
TIA,23283,38,artist,https://open.spotify.com/artist/6LrBtADUmDoLlcTrg448Qt
CoolKid,100770,56,artist,https://open.spotify.com/artist/1Qia4CTwh6x0CZbD0079zi
Khói,262463,43,artist,https://open.spotify.com/artist/3FZ4GX2mWNn7XElse3fQWd
YoungTazle,1935,25,artist,https://open.spotify.com/artist/3piry0LLLlUlt8njD4YZ0p
JGKiD (Da LAB),49261,34,artist,https://open.spotify.com/artist/3mYnd5Nlmdpg4D9rbAqNUD
orei,540,25,artist,https://open.spotify.com/artist/57jlfYAkmb8Kijuihad9T3
Phạm Quỳnh Anh,47994,43,artist,https://open.spotify.com/artist/033tY0EKEVdDtzoeEMMCJC
AMEE,1516243,58,artist,https://open.spotify.com/artist/2aQnC3DbZB9GbauvhAw7ve
Lena,0,9,artist,https://open.spotify.com/artist/0vurIYzUUZfSbozgxPnLat
Vinh Khuat,21460,31,artist,https://open.spotify.com/artist/0Hxo49G2Y9jzrRGqQeok1m
CM1X,7213,46,artist,https://open.spotify.com/artist/40sNxijTOeMVc8osrueLNw
KANIEZ,359,19,artist,https://open.spotify.com/artist/4BC8yvPnafygYJgyw4K5Xt
Nam Cường,27744,23,artist,https://open.spotify.com/artist/64vIV4nGYnWdHeioX3kIdA
Nguyên Vũ,1120,13,artist,https://open.spotify.com/artist/2T8CUdrA64je3QHfcB0uYJ
Suboi,192409,37,artist,https://open.spotify.com/artist/2Fc5cGXai8xzLhGyltp4tT
Hoàng Châu,3395,20,artist,https://open.spotify.com/artist/5lT2Z4mvk3YMcy0P87Y8uZ
buitruonglinh,565519,64,artist,https://open.spotify.com/artist/7Cp2hGcriAaDUAWpXnSEwm
Thu Phương,34359,37,artist,https://open.spotify.com/artist/3LsIDqxwDjcEKbK3D1IrDk
Tina Ho,3414,30,artist,https://open.spotify.com/artist/4GPec9Mg2EHRsS3iodimWv
Phương Mỹ Chi,151407,46,artist,https://open.spotify.com/artist/1BcjfrXV4Oe3fK0c8dnxFF
Straw,61,2,artist,https://open.spotify.com/artist/634b3YZzWbFfcnZFB6Pbnj
Dept,260502,55,artist,https://open.spotify.com/artist/48JtfAggQQpfUXQNxkGm5U
Giang Pham,2373,38,artist,https://open.spotify.com/artist/6OxNVd9jJ2IbNrOjHdcpJZ
Kha,179426,49,artist,https://open.spotify.com/artist/6tWaQSIL7reD85PKStNk28
Min.T,2251,20,artist,https://open.spotify.com/artist/5d2RwPuuWdToK3ZeJEjHLM
Big Daddy,2515,17,artist,https://open.spotify.com/artist/2UcJVTNX3AAs64CAUgFXKY
Slow T,3445,20,artist,https://open.spotify.com/artist/5QOqH8BG0InIySjZEKSdBO
ĐỖ PHÚ QUÍ ,12813,41,artist,https://open.spotify.com/artist/1bkEtYsRYvm3mKCzL2X21A
Madihu,268274,51,artist,https://open.spotify.com/artist/1OIYKbmhG0RxPXvVPNj3NN
Thái Đinh,230975,38,artist,https://open.spotify.com/artist/7lq25uVNvzRoAJgr4CYr8e
AK49,1570,27,artist,https://open.spotify.com/artist/0PsYNWoA9eUOHO4VUOSp8F
Duck Batman,114,0,artist,https://open.spotify.com/artist/6wDTgKvmX9ASwPx2NvgmOp
Bích Phương,1221372,49,artist,https://open.spotify.com/artist/5fa13NJjmn2uQ3dxZDi2Ge
Tọi,10814,29,artist,https://open.spotify.com/artist/1aVkG16ZfTc5XJ9qP7ti7i
Studio Party,1143,18,artist,https://open.spotify.com/artist/4JTjvap7y8AE0AMCH2f6kt
Huy Vũ,1190,19,artist,https://open.spotify.com/artist/5ShDv9XWXdA4k9xyrK1qjd
Uyên Trang,19898,13,artist,https://open.spotify.com/artist/5ZTYPfGq5HTtBjsnyqJa3I
Daduc,13191,32,artist,https://open.spotify.com/artist/2IoOywNR2WMJSIVdPYhUCB
D1Verse,3109,5,artist,https://open.spotify.com/artist/7GUs1M5e1RJQXySBWPc0sj
Chiennhatlang,6284,29,artist,https://open.spotify.com/artist/71LQEF4uo08r9RIB7eTEAE
phineas iu be,1384,31,artist,https://open.spotify.com/artist/2VPguLWVt4d4vRJQUDayQP
GREEN,193,17,artist,https://open.spotify.com/artist/4xpissVW4bmlOtdjPgZOLJ
VAnh,47738,40,artist,https://open.spotify.com/artist/4QC9UUJeYEo4wnbTvuOHLo
Du Uyen,90,35,artist,https://open.spotify.com/artist/06r6KHUxerC4dFpnPRwdFi
Thành Đồng,22305,44,artist,https://open.spotify.com/artist/5SrlFeZhl6SkP8gzRcFa0n
Trúc Nhân,977289,47,artist,https://open.spotify.com/artist/1dmaHHd1Xbd85cT1egYb4w
Minh Tốc & Lam,23743,52,artist,https://open.spotify.com/artist/27RoKwun6jKycKbH2iYUFU
Rhymastic,703444,53,artist,https://open.spotify.com/artist/0gGd4WhPXBSgDX6fdOHcOw
SOOBIN,1001085,62,artist,https://open.spotify.com/artist/6CGGvCBHWqQ4HXtn5aLhbh
Trungg I.U,2442,43,artist,https://open.spotify.com/artist/6Ue0BbbTOdBjcO4QZB5sio
TeuYungBoy,23477,55,artist,https://open.spotify.com/artist/3oD2yI1g6aT3KawHD8ZYaU
Annie,6052,14,artist,https://open.spotify.com/artist/5n6soHMPeSbjaXoZbGV75f
Juky San,109232,39,artist,https://open.spotify.com/artist/51wGpVg4Z3lv1IjuZAQjXn
Van Q. Long,46,11,artist,https://open.spotify.com/artist/2HNrRDIIIhlr49I1d39u52
Sofia,12499,41,artist,https://open.spotify.com/artist/0obXkAXG0Ivhjj6TK6QZfd
Châu Bùi,237,14,artist,https://open.spotify.com/artist/6mKDR6IdsyqRp38x1uigAR
Hằng BingBoong,1094,32,artist,https://open.spotify.com/artist/5ZkrehkR7dFjN0S1JPFqir
Hồ Ngọc Hà,452986,43,artist,https://open.spotify.com/artist/24Wn81dwdDeTCuB1BWGoVJ
HuyR,246448,40,artist,https://open.spotify.com/artist/3B3UoHY8tKJ6zmyYZhkDSZ
Blacka,22185,30,artist,https://open.spotify.com/artist/0JggLWdYe1p6oHZoHpyPSD
Sino,13371,41,artist,https://open.spotify.com/artist/4GxnBu03QfkLI9By82WNmh
Hà Anh,1134,36,artist,https://open.spotify.com/artist/3JRVedtRD0Xyk5PtvH8ueE
Hải Đăng Doo,67408,48,artist,https://open.spotify.com/artist/0F1rSmrNT6sp3LYohgYKsT
Ti-K,478,12,artist,https://open.spotify.com/artist/721Jxv7PIbCVpW3eDeE4SM
ViAM,1283,38,artist,https://open.spotify.com/artist/6uD33IUwz8hLdIjz6Afcrm
HKT,31948,25,artist,https://open.spotify.com/artist/2LV7OpzgkWJ6aK6TTmD1oV
"Uyen Pim, B?t Band",2105,5,artist,https://open.spotify.com/artist/3D639B8BTZkKj3ftuzhzWj
Hagi,137,0,artist,https://open.spotify.com/artist/4BljsiniUHxJ3HvJ9FW9M6
Bui Vinh Phuc,995,6,artist,https://open.spotify.com/artist/5RrrjDx6QStLqG3bDA2lX5
1nG,32778,44,artist,https://open.spotify.com/artist/12scI4mEdyEDBi7cdkxkVZ
Người cũ,46,13,artist,https://open.spotify.com/artist/17tMDCxssUUhEVWExf8y8N
Isaac,209460,52,artist,https://open.spotify.com/artist/40JnMfFlpwqBnWitkL96g4
Dương Triệu Vũ,35221,29,artist,https://open.spotify.com/artist/7eNVs44Liz46dWLt9LAONW
Trung Quân,577070,49,artist,https://open.spotify.com/artist/5Cf9nBDNc99UFkq9Yqap7Q
RPT MCK,1161172,61,artist,https://open.spotify.com/artist/1zSv9qZANOWB4HRE8sxeTL
Negav,286990,61,artist,https://open.spotify.com/artist/4fg8aMZ23d2bxKz7r2vt9v
Pate,17,0,artist,https://open.spotify.com/artist/7gQuk1ea3Mbh08mRxtRIkb
Phong Max,52290,38,artist,https://open.spotify.com/artist/4NWh1VEbymD3S6774EbK2Z
Phương Vy,16332,30,artist,https://open.spotify.com/artist/5A81GkfzRSHiNQrge5m9gv
Võ Hạ Trâm,12170,15,artist,https://open.spotify.com/artist/7wqCcGabyuT6f1ZkRxI4ga
Kewwi,355,34,artist,https://open.spotify.com/artist/0slI2xsesXo4G1aXzjEOcm
Lê Uyên Nhi,36,4,artist,https://open.spotify.com/artist/5egg0O5ENmQYbxoMz3D0Er
Rayo,2616,34,artist,https://open.spotify.com/artist/3eWWKcc07vz4dghL63VHFY
SMVL,248,1,artist,https://open.spotify.com/artist/4aLpXZYh98tPHtzQiUbqHr
Duy Khoa,356,12,artist,https://open.spotify.com/artist/2mDKQhFjgeCxDOMujt0rdk
Enderlazer,90,32,artist,https://open.spotify.com/artist/0xIIejLjGU5TVPzeGuk2cm
Cadillac,27,21,artist,https://open.spotify.com/artist/4nYRl0uyEIGfhe5uR8aUVc
Tuấn Ngọc,113339,35,artist,https://open.spotify.com/artist/7iGWE6DvwRabk2DIgbTJ1n
ERIK,1011124,62,artist,https://open.spotify.com/artist/1L1VfizWn4DkFt602yD80U
Janny,73,1,artist,https://open.spotify.com/artist/3EsxaM9Tmg17sZAA8ynpvK
Văn Mai Hương,471098,48,artist,https://open.spotify.com/artist/63SNH9m8M034lCGELVC1dm
Lê Hiếu,113962,44,artist,https://open.spotify.com/artist/4sOvsEM0ooH149joyEm7Wg
Nguyen Van Hung,250,0,artist,https://open.spotify.com/artist/57C6dQ3a4pYTqtEf2um0RQ
PHẠM TRƯỞNG,94919,31,artist,https://open.spotify.com/artist/7mOR2T5boGEIUKqnOYN5tU
Dương Edward,61117,40,artist,https://open.spotify.com/artist/44R2JURYkScvyCkzRppala
D Empty,5015,31,artist,https://open.spotify.com/artist/1OXwJdOOL0Mio8zgA01OFB
Linh Cáo,20823,45,artist,https://open.spotify.com/artist/0vTUa2hbNHke3omoGxuKFm
The Black Skirts,479460,57,artist,https://open.spotify.com/artist/6WeDO4GynFmK4OxwkBzMW8
Mr.A,13486,39,artist,https://open.spotify.com/artist/3VkWfwJgAO5qikm4hFccO6
Puddingiln,130,29,artist,https://open.spotify.com/artist/21AJbiw2i4cy0RmriStusd
CP,308,18,artist,https://open.spotify.com/artist/2UnohYimu4WubdWNKenYc6
RZ Ma$,283,33,artist,https://open.spotify.com/artist/2TUOlHV4KJEuy92UFEGhZb
NAMB,664,22,artist,https://open.spotify.com/artist/3GUqrm94N62ZKUB4YW8qIk
Nie,5268,36,artist,https://open.spotify.com/artist/11fKQT0P9kw4T6XLsQ2a06
Chị Đẹp Đạp Gió Rẽ Sóng,19455,53,artist,https://open.spotify.com/artist/4DNLpoezq6CHCbbp0JmmHa
Đức Anh,1736,33,artist,https://open.spotify.com/artist/1JjEGhZENWaxmk5Ymf43Ss
Dương Hoàng Yến,11184,46,artist,https://open.spotify.com/artist/3bbdXNYZbTMzxskrE4wIFQ
Xuân Nghi,14728,40,artist,https://open.spotify.com/artist/09TbfG9329V26zqpb7IQT5
Slim-V,378,0,artist,https://open.spotify.com/artist/7qckK7j3euBx9NlzBRHxYW
Kiper T,997,26,artist,https://open.spotify.com/artist/0DVbTrEQjCbRvMxvXVJomz
Huy Vạc,37833,41,artist,https://open.spotify.com/artist/0b68vXEHFuQP71O9FOESra
Phạm Nguyên Ngọc,113923,44,artist,https://open.spotify.com/artist/2Xlia1jlI7JDki4Xa42uyK
S.T Sơn Thạch,9747,43,artist,https://open.spotify.com/artist/3YwCEaM1uA75y4Iz6FLgRC
Xesi,47866,41,artist,https://open.spotify.com/artist/44ZNcW1ZSGB9oqX1ALnriH
DT TAP RAP,64376,50,artist,https://open.spotify.com/artist/56YvnYcOAPPIuSwoZ6uoBP
Chọn gì? Chọn đi!,960,38,artist,https://open.spotify.com/artist/61ydMyohF67xBZmWSPA3YQ
Jimmi Nguyen,30445,34,artist,https://open.spotify.com/artist/62sxxIG77fFOZKQkKDF0wt
Nguyên Thảo,11304,35,artist,https://open.spotify.com/artist/177KBVFwdDaS2qQNHstlrY
Ngọc Dolil,108064,29,artist,https://open.spotify.com/artist/6VLN4hTrGOZ5Le1TVTwDTg
Orange,557775,58,artist,https://open.spotify.com/artist/5lAfakPZgxFKgiJD6xAF1G
Linh Ka,10699,23,artist,https://open.spotify.com/artist/6gXUsziOuoRCgmtm62Nrny
Kimmese,31251,38,artist,https://open.spotify.com/artist/4w5vfLTFKwpd16ZzmYwcXA
Tùng TeA,44069,42,artist,https://open.spotify.com/artist/2SWNzbf1maA3oR4x56Uv9W
Nau,60962,50,artist,https://open.spotify.com/artist/38QautgC2LNYKiu10BB0sF
GDucky,505,42,artist,https://open.spotify.com/artist/01mNGTR498XaGe3xs1Otrz
Ngọc Linh,644,41,artist,https://open.spotify.com/artist/14RscV8jZp2WBjJMr3SNK9
Vân Quang Long,15289,16,artist,https://open.spotify.com/artist/0jFz5Fa0pFuiTZsvJXBMVI
VSTRA,291509,57,artist,https://open.spotify.com/artist/2aMo0CYbTieTisS0BlWc59
Sweet Liquor,10635,41,artist,https://open.spotify.com/artist/2s2AP9Bj9ltYjB9XIbGr0e
Dunghoangpham,41443,39,artist,https://open.spotify.com/artist/1URs0dKndWOld1wzAFhszR
Miu Lê,442988,47,artist,https://open.spotify.com/artist/4e5LAUvM35jleGg8gElTsP
Nguyễn Quang Quý,93,5,artist,https://open.spotify.com/artist/21IEhJMSF50Qa2JVE9ePfl
"Hứa Kim Tuyền, Hoàng Duyên",28,0,artist,https://open.spotify.com/artist/5e73DfA1EQcTsyrC6fx0W7
Đồng Lan,1296,25,artist,https://open.spotify.com/artist/10Vh55OOiguHa5Yo7w0UL9
Bem,2307,33,artist,https://open.spotify.com/artist/6pPdesr472IIwaIhMrwtMA
DONAL,2036,57,artist,https://open.spotify.com/artist/3rSAej8VUifF02zpsGjsRZ
Hien Thuc,58924,33,artist,https://open.spotify.com/artist/6xQUSqDu9uizDib9Ww47yO
Nguyễn Hải Phong,2419,25,artist,https://open.spotify.com/artist/0NPrS1NOx6rxhDZ4ujNDB7
Chau Gia Kiet,14947,2,artist,https://open.spotify.com/artist/0hPbtTlz9w8JTTaH8KzkuI
1 9 6 7,187056,42,artist,https://open.spotify.com/artist/72lhAORN3XQgtYADoggLRH
Pháp Kiều,192825,59,artist,https://open.spotify.com/artist/13c4ijEkXNvEFoxGxwp5Su
Tân Trần,1567,25,artist,https://open.spotify.com/artist/0F9QjQY6Sq6cxN4n8fmvBn
Ngô Kiến Huy,1,1,artist,https://open.spotify.com/artist/3mBPJBP4ct4gE9I8EhjXTb
Thủy Tiên,10076,31,artist,https://open.spotify.com/artist/1DOiJPXSa8eUgf0bTUeyn5
SPACESPEAKERS,166123,27,artist,https://open.spotify.com/artist/23jUmiOyAG9Dzq6Ayp9LUG
Như Quỳnh,120036,42,artist,https://open.spotify.com/artist/5TIZ9p5TSviYl96ladXXFw
Antoneus Maximus,5493,16,artist,https://open.spotify.com/artist/4AmiihgP8NFOtvU9DwLaK0
H2O Remix,90683,47,artist,https://open.spotify.com/artist/5sK9cYMRqNOdY9Og2DKAgs
itsnk,27083,54,artist,https://open.spotify.com/artist/0hy8mfXxfD8kQ6MRQkDVrn
Lâm Hùng,16119,22,artist,https://open.spotify.com/artist/55yAFZYGqQ6Oy5i85txF2u
VT,1809,29,artist,https://open.spotify.com/artist/6M34etD2XVGW7SR7CPzj0B
MC Goku,119,22,artist,https://open.spotify.com/artist/2bKNcCAdRX7YNvvQ2eiCl9
Nguyen Huong Ly,111588,28,artist,https://open.spotify.com/artist/5akggz3MdneiFGBlJrZM6O
It's Huy,1990,28,artist,https://open.spotify.com/artist/2cMw2fHUsnuas3ZJoQhjnL
Ân Nhi,2579,35,artist,https://open.spotify.com/artist/7zwJ09FAPbh7EJYvwEAqDD
Lâm Bảo Ngọc,35566,53,artist,https://open.spotify.com/artist/3E0b68wCGYihuHBtlasfm9
Tuấn Cry,2003,38,artist,https://open.spotify.com/artist/1XeMw22FKMPIjQIkyV3yDN
Ohm Thitiwat,1836,6,artist,https://open.spotify.com/artist/7iwsHRDADiANbTLeEmdOac
Vương Khang,7,0,artist,https://open.spotify.com/artist/7fBUDBuFhMgI0HliYOzeV6
7UPPERCUTS,93952,38,artist,https://open.spotify.com/artist/7BWNm2hXOL9wEuinNnWpxy
Fishy,6561,38,artist,https://open.spotify.com/artist/7kSmS2G15QIw8rllwGex9r
Wowy,132434,34,artist,https://open.spotify.com/artist/4iFNiWhODcMZdmpNkxsTFp
Giang,152,27,artist,https://open.spotify.com/artist/1p78jLOtNAcDYznNDVOmqf
Andrewng,2079,30,artist,https://open.spotify.com/artist/3Sh96HQcUm3MY9DQiWYdZN
Hiền Hồ,231269,41,artist,https://open.spotify.com/artist/6ZmHJcmCcc9X2sAyz6cHng
Khởi My,174422,38,artist,https://open.spotify.com/artist/4zRG1PU5uAC6ah9yeuxfFi
Phạm Khánh Hưng,7670,37,artist,https://open.spotify.com/artist/676SkTLXPL9gO2Mt8aP9N2
Jimmi Ngủyên,101,17,artist,https://open.spotify.com/artist/73W55npgRcy3eudHgs9yxC
Mr A,100,16,artist,https://open.spotify.com/artist/0cIgXnz4bvHiooUDIqqiOo
1Sebt,406,24,artist,https://open.spotify.com/artist/63JqmXv0wo6jAOOUzypO8J
Lil Z Poet,2199,34,artist,https://open.spotify.com/artist/17HDOSh7Do1hpwVpTSmgjt
Willistic,26236,42,artist,https://open.spotify.com/artist/0XEYiIh3AzMl9lBaT3gNz7
Hannie,3426,15,artist,https://open.spotify.com/artist/7tRkypqswDC2uWg9g9H0Vs
Ý Tiên,288,39,artist,https://open.spotify.com/artist/5i4Esojuo3la7x4CpMn6vW
Cheng,1399,34,artist,https://open.spotify.com/artist/0MNKLsBMKa5KGShgrWgE3B
Tùng Maru,3485,21,artist,https://open.spotify.com/artist/2WWCSXKQuDEJtQjMlA0fsg
Kuun Đức Nam,19574,43,artist,https://open.spotify.com/artist/05xxXziuRhVsmlSjTD4Soh
kis,26787,40,artist,https://open.spotify.com/artist/6mshB4wc19nPYxpdbtWkz9
Ssahita,319,12,artist,https://open.spotify.com/artist/6j2X3PqiD0NewfpZgsOuu9
The Men,32573,39,artist,https://open.spotify.com/artist/53LVvmM09CnWWAYz79HpCR
Gii,634,26,artist,https://open.spotify.com/artist/4aGoaiBaKQP2n867EWgZNE
UMIE,129925,47,artist,https://open.spotify.com/artist/6fIF1TzV4K21TUWPXoQDAj
X2X,50076,30,artist,https://open.spotify.com/artist/1d4YJtFsbGtOL4b06ylPom
RPT Groovie,125,1,artist,https://open.spotify.com/artist/6Ad6O0EmgHoTbu6fd69z50
DÍNH,17583,26,artist,https://open.spotify.com/artist/77b4s2pD9ezxA8EVti2cJw
Hoang Dung,160,25,artist,https://open.spotify.com/artist/2mfUy7IkA2dHw8yVDpTAeO
Hoàng Thống,11127,27,artist,https://open.spotify.com/artist/3fM2WF0qY1Ip9ffVvOzhjo
Phin,969,19,artist,https://open.spotify.com/artist/2EMO4OuJ3gUhNh6FBvthJi
Hoang Rapper,871,21,artist,https://open.spotify.com/artist/3jbVXHysvUUEctMAS47Q1R
OUR SONG VIETNAM,2925,36,artist,https://open.spotify.com/artist/6HfU0edqFmEwV87kq0D9TJ
NAOMI,20120,35,artist,https://open.spotify.com/artist/7pCB93rz0fL0KvmnuN8AI3
WinD,1107,30,artist,https://open.spotify.com/artist/5HHmWbEwrMcoj1E5KhfQgN
Đặng Hồng Nhung,288,4,artist,https://open.spotify.com/artist/38TZDDyxoQo6zncw44LVk6
KAIZ,10333,50,artist,https://open.spotify.com/artist/5Oy8zRNFImMUeoAxjbT7Bj
hs.lilyafuu,70,24,artist,https://open.spotify.com/artist/0KIn56a3oSeO3ZRQ4LDGIj
GDucky,54299,43,artist,https://open.spotify.com/artist/3T3DOlgOEkr243zdzFCrXW
Thiên Khôi,308,2,artist,https://open.spotify.com/artist/3Jv5XSM6ZVKyMIot25uKnO
Phát Huy T4,43669,39,artist,https://open.spotify.com/artist/38QmAddjWUR2zKkdp3Oe87
TDK,1125,31,artist,https://open.spotify.com/artist/30x6rCQm4CuabePneJLGj7
52Hz,160226,54,artist,https://open.spotify.com/artist/1y28JlO6rDMUB5rkcA4RAh
Avin Lu,1185,23,artist,https://open.spotify.com/artist/0va0d4S89QpwDbKAAVGZjf
Kuzz,1179,0,artist,https://open.spotify.com/artist/7pgwzwSEdF8lurawrZ31gg
Killic,2568,35,artist,https://open.spotify.com/artist/5Zosih1NRDj5W7mruPqfpu
DTAP,6846,41,artist,https://open.spotify.com/artist/5L9ssI4l4DKU1za4ZwvKvG
LeWiuy,387,27,artist,https://open.spotify.com/artist/284Kopvh7L7NCkz00VFbqt
Wanganh,715,7,artist,https://open.spotify.com/artist/0B1ugimugDw0LapWm8KBrM
Tiên Tiên,393064,45,artist,https://open.spotify.com/artist/5OvCh1Nin8AGw7OkxYinBe
Lemese,18878,38,artist,https://open.spotify.com/artist/0DL9VpY3UsZWQyDOO5Ej2o
Lil Liem,6754,42,artist,https://open.spotify.com/artist/5WtJZwEnoNM2Te1jh6Uftx
Wxrdie,476761,63,artist,https://open.spotify.com/artist/1Jmkhzve9TuXHUUWGmpANw
Tùa,11186,35,artist,https://open.spotify.com/artist/6OX2h0HXN8oN2tb2pmYOby
Bozitt,37198,36,artist,https://open.spotify.com/artist/5TPzMTLOTGx95E7pizHYkP
Changg,157512,48,artist,https://open.spotify.com/artist/1nX1HVIUo1Zfs3e2v3lFb9
Mạc Mai Sương,6299,40,artist,https://open.spotify.com/artist/7fMznGrNJs6H2kZbiqDPgE
Chuột Sấm Sét,17925,32,artist,https://open.spotify.com/artist/0Gdbr9myXctE3u0jKahkFo
Kay Trần,101332,46,artist,https://open.spotify.com/artist/3EPkqJFzEGSJWtGsu1Xwqt
Thu Ha,399,0,artist,https://open.spotify.com/artist/0ET6sQRehKU6u7RgrwGOTf
Soobin Ho&#224;ng S&#417;n,0,0,artist,https://open.spotify.com/artist/0eBA5cqZlzB2f2iSE9Tqjo
Hustlang Heily,2437,36,artist,https://open.spotify.com/artist/0ABztwl5ApqMZOllFyaCmP
VeeTee,1320,0,artist,https://open.spotify.com/artist/43EfCCp9eno1p8ICMCTwid
Mây Trắng,1940,11,artist,https://open.spotify.com/artist/4F1FCglJnRnrggZjJDTWpG
DopeB,14,21,artist,https://open.spotify.com/artist/0BKAOUB86uzQsUxWqWDmX0
Linh Thộn,16002,42,artist,https://open.spotify.com/artist/50bDh0lNWnngFN237F1rJq
HNGTOOM,63,10,artist,https://open.spotify.com/artist/3390uPUNzPpul33JUzucBE
ChangC,190,28,artist,https://open.spotify.com/artist/1bBiV6bKYAtPqKGNr3tN86
WEAN,421199,59,artist,https://open.spotify.com/artist/30eFAXoU2kTjJPf2cq80B8
Quang Trung,64690,52,artist,https://open.spotify.com/artist/4cLYlDISnWaErAitB8kRph
WOKEUP,17930,51,artist,https://open.spotify.com/artist/0qAJ604EZMbkbpZ9NN6W6d
Sterry,121,24,artist,https://open.spotify.com/artist/2yT9yRYRWEC22aqXEa6vBu
Tạ Quang Thắng,4556,26,artist,https://open.spotify.com/artist/21MG3ongZHFbUnXpK8prTg
V#,5830,34,artist,https://open.spotify.com/artist/3XevJv2rTKu5WYtD0LW6om
Dương Trường Giang,225,20,artist,https://open.spotify.com/artist/5b87qlbNjf9Q9Inq1FyvXN
PC,149090,51,artist,https://open.spotify.com/artist/3HD3V1nGFPwepBO7064Ij0
Onionn.,26483,50,artist,https://open.spotify.com/artist/25M5YMbLCbYDSFPhQXYE8c
Mỹ Linh,69374,42,artist,https://open.spotify.com/artist/7cmcZaAbbTZIKiqIBJ2ycu
B.O.T,106,3,artist,https://open.spotify.com/artist/1EtY08r2WPfVMk4F07bjgZ
WanBi Tuấn Anh,27916,14,artist,https://open.spotify.com/artist/57VqUzd3qVMPCzqZblwz7b
WM,4866,36,artist,https://open.spotify.com/artist/07m09fQfR6b5VKmCzoRi22
T.R.I,245573,55,artist,https://open.spotify.com/artist/2rVYwIYNEsMxtt8j5yemHb
Jack,61800,45,artist,https://open.spotify.com/artist/5j4Qb00HAANZ6woW2a5py1
Trieu Vy,232,10,artist,https://open.spotify.com/artist/2GU5UbzFZNlHuy0Eln74db
Huỳnh Hiền Năng,0,6,artist,https://open.spotify.com/artist/1oTE7KsOKWBEvehA5t0HqZ
Mel G,41,0,artist,https://open.spotify.com/artist/31p6fNUgDIwiYGaG2UNhgo
Trung Tu,9057,36,artist,https://open.spotify.com/artist/6NmGVS8nPcqW6tnevWF3Zg
Trương Đan Huy,1973,6,artist,https://open.spotify.com/artist/6hMgCsIKOMRHx0NQtwF7jv
Huỳnh Tú,62614,40,artist,https://open.spotify.com/artist/2dIQYQOIZ3CNxRUNVwr8dW
"AMEE, Ricky Star, Lăng LD",1,0,artist,https://open.spotify.com/artist/2xqq2fzDKAx2SuJ86Zrx7A
B-Wine,25042,39,artist,https://open.spotify.com/artist/68Vj5ArAHBx2K0osGDXK4K
Khoa Vũ,914,34,artist,https://open.spotify.com/artist/4OqYnPUq6VwNMacIwwbWGw
AL403,652,34,artist,https://open.spotify.com/artist/7rphxE9Q67qTXa7ev9AQgi
Will,52,0,artist,https://open.spotify.com/artist/0qQAnANCWR5aAqd99o81ol
Châu Khải Phong,189913,37,artist,https://open.spotify.com/artist/1RZSSA978w2tUKtXqC6XGZ
meocamtu,42,27,artist,https://open.spotify.com/artist/2ZOv6optO6lhTbOYMH009e
Việt Mino,1875,11,artist,https://open.spotify.com/artist/5putGBxUS0uZyuAdtqw7Ve
Haisam,94740,35,artist,https://open.spotify.com/artist/5h0cBKxBX54CqPaQU6tJhk
Tim,3267,22,artist,https://open.spotify.com/artist/6HK9w5KPZBLf2zeJEW9WNs
Freaky,48579,40,artist,https://open.spotify.com/artist/3JlzPlR5FYYa402qPCCaAm
Boyzed,3138,44,artist,https://open.spotify.com/artist/1JPTuJJ7KzpwcDCOWkEjUb
CrazyFrogs,138,13,artist,https://open.spotify.com/artist/1CbfG2QxPU2r7wODxVwUTB
Graykee,98,4,artist,https://open.spotify.com/artist/0uyQt4EGosoRXLoxcxjg4b
Ngô Kiến Huy,177089,36,artist,https://open.spotify.com/artist/7at0gkjCnhOBrxwQlJPJ4s
Thắng,233891,52,artist,https://open.spotify.com/artist/1oD9fKbb7qQ2nhn9JJC24F
QUYNH,4218,30,artist,https://open.spotify.com/artist/5HVhynFWNGRxwdMYWUggrf
TRANG,136753,48,artist,https://open.spotify.com/artist/2knyDFP4xw9wZEWA98JX6b
Superbrothers,7673,26,artist,https://open.spotify.com/artist/2Iclm7DbDF08gVIAs5Rbsk
Phương Thanh,14553,38,artist,https://open.spotify.com/artist/6fvwPdTHctaY65nhFeodrs
Chi Pu,362205,39,artist,https://open.spotify.com/artist/6jRD85dsXJYn5vv73rqSGi
Forest Studio,37375,48,artist,https://open.spotify.com/artist/1fTWz0OemWveF9AMkRPJKi
thủy,392574,62,artist,https://open.spotify.com/artist/3R80OE4RViOWbnuvqh0j8a
Puppy,54687,55,artist,https://open.spotify.com/artist/2dC1IBU9NOD9xsQJ5RE7j7
NSUT Xuân Hinh,900,33,artist,https://open.spotify.com/artist/2c7nahphISevT1BEE00zyo
Vang,11111,26,artist,https://open.spotify.com/artist/6bvMoywdm3JM1bmVvMngrW
Sick3r,183,5,artist,https://open.spotify.com/artist/0UT5mYcEpqdPXan0dtahpz
Hast,3840,37,artist,https://open.spotify.com/artist/0LIZC1GStlO5tEEYC0cB1e
Young Milo,25203,32,artist,https://open.spotify.com/artist/27yyGKpmW2nU5uUrMv2a2x
Ribi Sachi,25,12,artist,https://open.spotify.com/artist/31F76yXjDSG2jJmFH0vw0y
Huyền Tâm Môn,26037,33,artist,https://open.spotify.com/artist/5udW05zLTeswVyS7fTHdlc
Trung Trần,24803,51,artist,https://open.spotify.com/artist/2v14NO80QYditUms7sbEIZ
Nguyễn Hải Yến,146,6,artist,https://open.spotify.com/artist/1idboghlaGtzA8B2eDJ6lv
RIO,6729,51,artist,https://open.spotify.com/artist/4dH6uW4FU977FDuTcCHGUf
Tống Gia Vỹ,2265,21,artist,https://open.spotify.com/artist/5KTFlXlLG15N7W8tp46wpc
IC Music,1002,24,artist,https://open.spotify.com/artist/1czBekiZY58u6kBfqLzEFD
Nâu,3581,42,artist,https://open.spotify.com/artist/5zifyPCJIZxUBhVq7AydsT
Mỹ Tâm,1978244,50,artist,https://open.spotify.com/artist/1CWwyDPjCowRTO4p6A7r6g
Xoxad,9459,29,artist,https://open.spotify.com/artist/7CirIWsF6Zm9SLjGdg1n0S
Nguyễn Tiến Thành,78,2,artist,https://open.spotify.com/artist/58Ub9grToct4dg9huEqPHe
รวมนักแสดงซีรีส์ด้ายแดง,41840,20,artist,https://open.spotify.com/artist/3Y69bU4TIh7SZMSEKiRGAI
CROW ON HYENAS,10181,21,artist,https://open.spotify.com/artist/1ZCY6tbHfF0X4oXZJKSXCZ
Solsilva,1988,21,artist,https://open.spotify.com/artist/42dopFsZz6H8X2VZl9Pd0I
Thiên Minh,8,1,artist,https://open.spotify.com/artist/1FhFFPFSFvVdwCABURQCYw
Harmonie,288,40,artist,https://open.spotify.com/artist/5UaJojKyJSqngDfoUw0P01
lvttiny,119,8,artist,https://open.spotify.com/artist/45yWOb8Z1OKbJP0DgDyJnv
Băng Tâm,9920,24,artist,https://open.spotify.com/artist/0uW6WjzKu7lQPlKJFZnKAi
LOPE PHAM,2626,37,artist,https://open.spotify.com/artist/3n56g8JEOhO9CwLHpfWgie
Lệ Quyên,1,3,artist,https://open.spotify.com/artist/4Thui6ZROW8scgyPTiHvKD
Touliver,191910,49,artist,https://open.spotify.com/artist/5UNWQJdUbO8Gbg9Qn3r52M
Trịnh Đình Quang,716,20,artist,https://open.spotify.com/artist/1LIlnht1t74AuK87WmyTmZ
1 9 6 7,4064,31,artist,https://open.spotify.com/artist/5vP664ukNxieo679PoABmv
KOY Music Group,21191,36,artist,https://open.spotify.com/artist/4JoidasymfQjHFwRpQEMdw
Anh Tú,170,28,artist,https://open.spotify.com/artist/0jpozpnfgb3bGj2GxKZ2Hr
Van Quynh,66,19,artist,https://open.spotify.com/artist/3C07XozDHUUvAuRO5gdq8J
Phùng Khánh Linh,85502,43,artist,https://open.spotify.com/artist/23Gbd21nBxC1kCtcG2Cd0C
Poll,1849,31,artist,https://open.spotify.com/artist/3xQWxnx3qhT127zrRaRXMN
Ngọt,857523,57,artist,https://open.spotify.com/artist/0V2DfUrZvBuUReS1LFo5ZI
Nidebig,19271,24,artist,https://open.spotify.com/artist/03pLiUJ6dIIZtIf4vYyhdP
Nhật Kim Anh,42499,19,artist,https://open.spotify.com/artist/6kdtnZgdQbt9OH0RxQoSof
GAI周延,61175,43,artist,https://open.spotify.com/artist/37EUUUGKMLP6KSKrN9q39m
BigDaddy,272735,52,artist,https://open.spotify.com/artist/3Tehj7YghQc7zH0I1faGc6
VoVanDuc,9359,34,artist,https://open.spotify.com/artist/0MMvhtfFn1izZ6EeSSPBQW
Thành Bùi,31,21,artist,https://open.spotify.com/artist/4indpWjPPQ0lLAtYihnI5j
Seth,3292,38,artist,https://open.spotify.com/artist/1bFOMacB1TfMrwNfkxEa8B
NamDuc,14904,36,artist,https://open.spotify.com/artist/5gxbYotSTURotqnFJN8TWQ
Đinh Mạnh Ninh,5322,26,artist,https://open.spotify.com/artist/1G2yxRuuHv9mev4EHZzbXw
Flymingo,1242,31,artist,https://open.spotify.com/artist/4iQrbBMUZeRFvCLsPmZb7B
guHancci,2504,15,artist,https://open.spotify.com/artist/7pNeKzRW0R0lXR7rL7qWd3
Andiez,388306,52,artist,https://open.spotify.com/artist/0tBmmwc8j8zbJxISwdsvjA
VRT,946,31,artist,https://open.spotify.com/artist/0ZG3U0kfmAxNJF717Jbz7C
Tô Chấn Phong,3333,3,artist,https://open.spotify.com/artist/3TaYWl30Nij1RBd6Rg2GZP
TaynguyenSound,156718,43,artist,https://open.spotify.com/artist/5ayWRfrcpObgDDlzheJ2Gr
Khải Đăng,29189,36,artist,https://open.spotify.com/artist/5lRuI7jZMno275jJphvRjg
Bikay,31,13,artist,https://open.spotify.com/artist/68ABig0QgaMNv6iQC4fno1
Vu Trung Quan,15990,31,artist,https://open.spotify.com/artist/5ST4NrWLKpbuV1KLRK3xNL
Jaytee,134,8,artist,https://open.spotify.com/artist/0z2sZ5X5IYto3064T3zAje
Khánh Phương,139494,35,artist,https://open.spotify.com/artist/6Sz9jchJpz8HyBTtkPvYDT
Vũ Thảo My,9086,35,artist,https://open.spotify.com/artist/42D8BHt57a1V8Mn47afQhj
Thanh Duy,9354,46,artist,https://open.spotify.com/artist/4sGeCkzfqINvHaWFfeoQJp
Vy Dương,708,14,artist,https://open.spotify.com/artist/72LLiDCylhkxp2NQnesTAE
Lucin3x,5394,43,artist,https://open.spotify.com/artist/2LhBOKigSJoFuqyoy4GlW2
CODYNAMVO,2498,9,artist,https://open.spotify.com/artist/7MtgS1BXZAtslgSSTpdikk
K-Hoàng,80,3,artist,https://open.spotify.com/artist/5nP48HrXAuRF5SwZ13LvdQ
Tam Ca Áo Trắng,1399,14,artist,https://open.spotify.com/artist/1rp73mXglaGYmpWy6wgx9Z
14 Casper,84216,52,artist,https://open.spotify.com/artist/0zo8kCJVktn7oPnzpkbC2p
Bảo Thy,158104,26,artist,https://open.spotify.com/artist/4DPEUF2kY7kVrbXX4Zgu7S
Thu Thủy,1917,14,artist,https://open.spotify.com/artist/2WKkrJzkKYue4aSYtDkNKs
Vũ Cát Tường,780625,57,artist,https://open.spotify.com/artist/7yquVKfxBuNFJbG9cy2R8A
Muộii (Starry Night),1185,48,artist,https://open.spotify.com/artist/1Tdy7LZnrufTyuEbgDi1D8
Hồng Duyên,436,18,artist,https://open.spotify.com/artist/4KIfRpBQQWA7tEQwtk8ihd
Trần Tâm,937,10,artist,https://open.spotify.com/artist/427gPvM25cU3pNWWKg72Nk
Lâm Chấn Huy,17612,23,artist,https://open.spotify.com/artist/5gxYs21La8IcjUoMoSPwCN
Lưu Gia Bảo,542,5,artist,https://open.spotify.com/artist/3UvZCQV4jxpbwCDVRVxM3r
Ưng Đại Vệ,8102,17,artist,https://open.spotify.com/artist/3Fo2DRKuOAEf6UAfn9T4Ih
Bùi Anh Tuấn,349122,51,artist,https://open.spotify.com/artist/2Gvp79Cmni6PX13CAlSGex
Lăng LD,24197,44,artist,https://open.spotify.com/artist/0EOMdQwzUG6CKh9oWvcANr
RPT Orijinn,60099,47,artist,https://open.spotify.com/artist/25JRC8aMGIGBIJ5KiINv3l
Notcool,2899,34,artist,https://open.spotify.com/artist/50swyNRwhADokDcp7v7K5O
Tommy Tèo,6661,29,artist,https://open.spotify.com/artist/3aIfh22ITF4DOo2TwESa2W
Khánh Ngọc,332,23,artist,https://open.spotify.com/artist/51JbNPIS9UmDvj6sTZD2Jt
Kasim Hoàng Vũ,638,12,artist,https://open.spotify.com/artist/2tu2ph2VZve0SfgsNnA0Jr
Linh Hương Luz,8199,44,artist,https://open.spotify.com/artist/2FCxeoDrmuTZmyn8iXlQVB
Minh Vương M4U,168608,37,artist,https://open.spotify.com/artist/78TTKBLrw5XIRty0KnyftQ
Hà Thanh,1877,21,artist,https://open.spotify.com/artist/5iFY0u8CMmK5aDwjpCMyZL
Lou Hoàng,493104,57,artist,https://open.spotify.com/artist/75Ki5hBCOpDtKGoFyTvLxP
D Blue,50089,43,artist,https://open.spotify.com/artist/7JRDlOAUMJuLKmapm6H2VG
UNI5,16503,21,artist,https://open.spotify.com/artist/70qFKCLRLE0xLgnznMtRDp
REDT,1013,41,artist,https://open.spotify.com/artist/5iggzY0xY68wNNWXhiPrZz
Trần Đăng Dương,95,47,artist,https://open.spotify.com/artist/5pyjjs1k7keBTqwhkVs7MA
Duy Khánh,45462,29,artist,https://open.spotify.com/artist/36Ltp1cc3ExQQJ8h9GCT4O
Duongg,63618,51,artist,https://open.spotify.com/artist/3JkGKNawown8MgcJsDw1WT
Thai Trinh,8100,27,artist,https://open.spotify.com/artist/001OedRF8lGo3og3aHDTy6
Tiến Đạt,128,1,artist,https://open.spotify.com/artist/0U4tto6F1yezgS2ORfsEU7
Anıl Emre Daldal,373788,58,artist,https://open.spotify.com/artist/5MHG3bmjGh0aqT8hS3nPzS
Weeza,3664,45,artist,https://open.spotify.com/artist/3KCwCM9okdx5d2iDbIxQ9l
Nguyên,50403,44,artist,https://open.spotify.com/artist/0axAywC6N1oXIqe4HQL2Gw
Vicky Nhung,66209,42,artist,https://open.spotify.com/artist/0OECMkZp1koXqQLQrMizHb
Emily,52247,46,artist,https://open.spotify.com/artist/2XKlSkrslCs0egLOvSB4Ul
An Vũ,40557,42,artist,https://open.spotify.com/artist/0IBUlucigx80io4qV5fQ34
Ngô Quỳnh Anh,137,11,artist,https://open.spotify.com/artist/7gi97l18WPb93N3ZloTguQ
Ashley Alisha,54382,53,artist,https://open.spotify.com/artist/63P6hjn73jNbnEFT0gKWKk
RPT PhongKhin,2289,0,artist,https://open.spotify.com/artist/2TmAAcsAhUVnRNtf3Jm0uc
DucMinh,5594,37,artist,https://open.spotify.com/artist/6uT7bp7jeZwhkYkRVWfL8H
QAREZMA ZONE,31,7,artist,https://open.spotify.com/artist/2UIH2OHNCFL2Kp0kSwZcGR
RVN Rapper,20,3,artist,https://open.spotify.com/artist/6cI0VZnG72HnRnKtxFRqVl
Gray,76,29,artist,https://open.spotify.com/artist/503KskXp61GFxmEGSOYE61
GiGi Hương Giang,7838,33,artist,https://open.spotify.com/artist/2NYFphd3cUQ5pLEVLaBP9L
Minh Quan,1398,9,artist,https://open.spotify.com/artist/2vGaOEPhxXnSbG31zeX0eE
"ANH TRAI ""SAY HI""",681704,67,artist,https://open.spotify.com/artist/4wZ6awunqaaVLl5j0WpDFu
Bằng Kiều,456846,48,artist,https://open.spotify.com/artist/0KWdVd7ZYhtlm0CLHIFBya
BHMedia,738,25,artist,https://open.spotify.com/artist/65jXflGBjXQ0IHN1UI0gFF
Hngle,6213,36,artist,https://open.spotify.com/artist/7kBsX15IDun9YxuVmKCMYJ
Vĩnh Thuyên Kim,41621,18,artist,https://open.spotify.com/artist/2hQhwewANVvoJkH7SHEdEs
Tezzy,663,35,artist,https://open.spotify.com/artist/4zbdqgzf7uo0HYPzHXSWSN
APJ,667,29,artist,https://open.spotify.com/artist/2vxQEhXHnAl6c960nAHVfg
Krix,1308,25,artist,https://open.spotify.com/artist/0CFshi8xoCTnhggihTqoUL
Quang Hùng Master D,9015,21,artist,https://open.spotify.com/artist/6TmQWGwUnVqkPptZt0apmq
Shayda,7409,33,artist,https://open.spotify.com/artist/4WF9GdetrQiLeWDWAISRGa
Vũ Thanh Vân,59633,44,artist,https://open.spotify.com/artist/5ptgjFDE2abY6Xwo4ytufN
Đông Hùng,1441,14,artist,https://open.spotify.com/artist/3rE7dnzIO7uTWTfDUbQU5o
Pay,8082,36,artist,https://open.spotify.com/artist/0LzKYyu8mwHXfMih4lnMXY
Hyarways,18299,37,artist,https://open.spotify.com/artist/5fZISrWpU2tsvIzkxxad72
RAP VIỆT,1884721,62,artist,https://open.spotify.com/artist/1cPpd989kghzlZqfpP4KwL
Anh Phan,100406,39,artist,https://open.spotify.com/artist/6Zx90B1VRgR4TB01S87duQ
Độ Mixi,72815,25,artist,https://open.spotify.com/artist/0TZKKZG6WHl2aVFPDtND82
Thùy Trang,2085,22,artist,https://open.spotify.com/artist/09bLhl2caRTYcfQ07I164b
16 BrT,4599,35,artist,https://open.spotify.com/artist/4jIoCS5bJr2TQ2SIbSPnwR
nick schmidt,101,31,artist,https://open.spotify.com/artist/4qgKf6usFvRsJ30b6Yn9yQ
Huyền Thoại,131,4,artist,https://open.spotify.com/artist/2l22yqE1UxgOclckhkIc2d
Nguyễn Phúc Hậu,1296,18,artist,https://open.spotify.com/artist/2mnGSe7NUCWyRVrkb262qT
Phongkhin,4806,41,artist,https://open.spotify.com/artist/7qHgn5ADOzPBlcWcXfM6iA
Evy,250,16,artist,https://open.spotify.com/artist/3dnA5TwCxKzBAnwbDenXmJ
Bảo Trâm,2775,22,artist,https://open.spotify.com/artist/3ZLvCUJqhNbKNOjmFweMOf
NIT,11108,39,artist,https://open.spotify.com/artist/1MTANbmLhUqJXlLuqADGE7
Snoop Dogg,14235153,83,artist,https://open.spotify.com/artist/7hJcb9fa4alzcOq3EaNPoG
Nguyen Duc Cuong,375,1,artist,https://open.spotify.com/artist/22Jp9qLF7Iw09LSACQrCPh
Myhai,243,23,artist,https://open.spotify.com/artist/6SECEHj3VXuc2JP9FmSwiZ
MEGAZETZ,510,18,artist,https://open.spotify.com/artist/6LILNyIuxnQmeo1i2iW2Rt
Trang Hàn,28159,27,artist,https://open.spotify.com/artist/2gugq8LTugkTfMNQKiO7sK
Minh Tuyết,89020,43,artist,https://open.spotify.com/artist/2wjsoWglhKBQVfjUGdth1y
RefundBand,243,21,artist,https://open.spotify.com/artist/4n5ffhJQnreA8J21hPoHfX
Hail,292,17,artist,https://open.spotify.com/artist/1gT3YnWWNgIElLxCWm8mgG
WUY,3944,30,artist,https://open.spotify.com/artist/3IGxoxQrju6h4nvh9ZHz4T
Mr. T,40180,28,artist,https://open.spotify.com/artist/2pVj9lekGlRPbYvDjTMQ6O
Duy Tran,69,11,artist,https://open.spotify.com/artist/0UbBnxYAchMUeUdlccDndy
NamLee,5965,34,artist,https://open.spotify.com/artist/4qUaWOfUkpVho3uRUuFoQI
Huy Quang,147,0,artist,https://open.spotify.com/artist/5CWc4MeiVMtw2FxdezRNbB
Sơn Tùng M-TP,6481580,64,artist,https://open.spotify.com/artist/5dfZ5uSmzR7VQK0udbAVpf
Vương Anh Tú,61740,39,artist,https://open.spotify.com/artist/3OeYidiG0MAcGmiSwTHZf6
Hứa Kim Tuyền,149529,52,artist,https://open.spotify.com/artist/3Ufoo4BPShhahtCSjgpBLP
Sean,41807,41,artist,https://open.spotify.com/artist/1xNqmjTeWon7iX8kbPKpZz
Mcee Blue,1411,44,artist,https://open.spotify.com/artist/7iPTxzfZ1OG4gNiWU64nmk
VSOUL,157975,47,artist,https://open.spotify.com/artist/22MX8BG5870DGzpNricY7q
Various Artists,2658963,0,artist,https://open.spotify.com/artist/0LyfQWJT6nXafLPZqxe9Of
Thuy Van,219,16,artist,https://open.spotify.com/artist/07odSEW1wtbYlVL3Xt31um
Minh Thuận,3073,13,artist,https://open.spotify.com/artist/40N72MrdhXm9Dk0xLWeZN1
Phankeo,3569,46,artist,https://open.spotify.com/artist/2rv0GwxSEWKhz54nLluNhK
Tyronee,7810,54,artist,https://open.spotify.com/artist/04xz9bIBYTIqEpmRvQkfvu
Shartnuss,7886,46,artist,https://open.spotify.com/artist/2BoU3GzyaG397l5ci1twa9
Pham Tran Phuong,2856,23,artist,https://open.spotify.com/artist/7fBoiBMJriGMdmvOZKYgjr
Phương Thảo,399,9,artist,https://open.spotify.com/artist/6cSt9S1D3umjQVBDssbbKH
Ngọc Mai,12381,29,artist,https://open.spotify.com/artist/7yRDcF8kWO70GsJC71wmJv
Duy Lion,171,11,artist,https://open.spotify.com/artist/0HE8NzNBZpoDTt9xO0DPcm
Xuân Hạ,8,1,artist,https://open.spotify.com/artist/4vefVCFUPX6zJbGohSKSpv
DatKaa,86930,41,artist,https://open.spotify.com/artist/6mMxOJfr3bN1QPUiForaWf
Vân Trường,166,8,artist,https://open.spotify.com/artist/5fpXnyKH9lOD4Zti44dlYb
Cá Hồi Hoang,216258,45,artist,https://open.spotify.com/artist/2j3AXmye1FJXoGOXr6tufj
Lưu Bích,17582,33,artist,https://open.spotify.com/artist/18vmPKrKuO3whqA8z1UOL9
LOG,194,22,artist,https://open.spotify.com/artist/7yduZQyVZP7jU9HLh3IWef
PhucXp,62136,42,artist,https://open.spotify.com/artist/6fCJf6pkYTHfW1XPc1d4vO
Thanh Hưng,9,25,artist,https://open.spotify.com/artist/2JTxvIeK9uaCXueKkvMRjE
Phạm Thanh Thảo,8808,7,artist,https://open.spotify.com/artist/7mFTSQWi3aGeyTBvUnCHM6
Quach An An,91,0,artist,https://open.spotify.com/artist/3VsRjqLdC1heOJv4olGVE4
Don Nguyen,342,8,artist,https://open.spotify.com/artist/1JPTGVvAPZbLRPhUjwNnCe
masew,4501,6,artist,https://open.spotify.com/artist/5ludNdrJqip4vZG2Mh3kbP
11:11 Music Group,64180,60,artist,https://open.spotify.com/artist/2MDj296KJIfgWDNBtHzeFi
Anh Kiệt,10,13,artist,https://open.spotify.com/artist/5M17vY9uPpLjZlkvxfRJbW
JayKii,130524,40,artist,https://open.spotify.com/artist/4ZSYaCMxF2k6maN3KTP17F
Trí Dũng,3924,37,artist,https://open.spotify.com/artist/3vrLtReLclPLq5VvCAxCik
Kriss Ngo,4717,40,artist,https://open.spotify.com/artist/3tHHuAuhXiCc1HneD1iytJ
MYLINA,7006,37,artist,https://open.spotify.com/artist/4yx3BsXxY9l6BRyStNIB8y
Thành Đạt,16650,38,artist,https://open.spotify.com/artist/2ipMqlG0XTQbUbu7W0FnBm
Du Uyên,5023,36,artist,https://open.spotify.com/artist/196qGzmjvUJDtjKjO2604d
Hoài Lâm,421442,38,artist,https://open.spotify.com/artist/2dlC6p7Q75wnfhudwTEpxW
CHOCO,46450,29,artist,https://open.spotify.com/artist/5G3xTFJKwRceJK9SBNCk2f
sy,105,32,artist,https://open.spotify.com/artist/7eiLshFe5Gg4tik2JmwGNU
YanBi,106470,39,artist,https://open.spotify.com/artist/718QENtLy8bL4xVoZPg5PP
Đoàn Thúy Trang,2573,33,artist,https://open.spotify.com/artist/6a2HlEBitf6DvSbGaRyyPU
RPT LAKE,292,10,artist,https://open.spotify.com/artist/1v5kr0aM1qKIAFGciqpZZd
CAPTAIN BOY,190590,57,artist,https://open.spotify.com/artist/1pKPrziZw7C4GvOlBIXqP5
Nguyên Hà,212729,42,artist,https://open.spotify.com/artist/5Ib3D8UtLdYZjhVNWzwfoH
Machiot,10051,44,artist,https://open.spotify.com/artist/53JNigMoziak3PfjdVcNLh
kaii,1088,44,artist,https://open.spotify.com/artist/30FKMLZe54ybKyWQRSp8ye
Le Ngoc,34,3,artist,https://open.spotify.com/artist/795HCrahWVVqXS4nkAaa5C
NHP,202,22,artist,https://open.spotify.com/artist/2IYHt2bjSJbDqAWhlxcYs0
LIL N,115,12,artist,https://open.spotify.com/artist/70HomIwXh6VsKzsouNQmqD
Trí Hải,141,4,artist,https://open.spotify.com/artist/5vpGHRLP8B7ViUfhXQDJ4x
WAVXR,501,25,artist,https://open.spotify.com/artist/0tMexwN6wUDQqHjOkjNhla
Liz Kim Cuong,13098,18,artist,https://open.spotify.com/artist/2pZJZyA34fwzBzpIhhGr4a
Phí Phương Anh,47115,38,artist,https://open.spotify.com/artist/1OnnVNvbz0OsApDXHUX2bM
Low G,1605985,62,artist,https://open.spotify.com/artist/6TITnFVRcl0AcZ4syE7Toe
Dab,34495,46,artist,https://open.spotify.com/artist/7dFC6SVFS2YkIcRfE2SyfV
Trần Gia Bảo,171,19,artist,https://open.spotify.com/artist/2Fy4Ymp53qzcKt9Q39F3eH
Lê Bảo Bình,326601,47,artist,https://open.spotify.com/artist/3frEbqapobDOWI7JexlrTW
Hà Nhi,335386,47,artist,https://open.spotify.com/artist/3XOuN4VDN4EL0GjKov5mWL
BLOO,326733,44,artist,https://open.spotify.com/artist/3ghCvruix2FYZ81DHRlOt1
Quynh Nga,890,7,artist,https://open.spotify.com/artist/0Ek3vhpEQvX08YJZCpRdC6
Youngkxrbie,3781,21,artist,https://open.spotify.com/artist/5niJXrpyZG75DRpvDJzRcZ
KEI,90,32,artist,https://open.spotify.com/artist/3TLujYTRHGq5M1Hh11vLYv
Vantacrow,555,21,artist,https://open.spotify.com/artist/5pg3yGxVZg1VTumNeC5QZW
Thỏ Trauma,1660,29,artist,https://open.spotify.com/artist/2KgvVPpQC2PQR0Vtb1zgT9
Lý Hải,22854,23,artist,https://open.spotify.com/artist/5q98qLG6fV1rRb3jGRHDBu
Dan Nguyen,98222,38,artist,https://open.spotify.com/artist/3AYPFIPDQ5aUUZzQ9OsqEn
Rush,18,25,artist,https://open.spotify.com/artist/0jLZj88IBtCWMdcGwAXbDE
GreenD,2852,28,artist,https://open.spotify.com/artist/2mYrvZz0fllkkUnZishGE4
Kiều Chi,10676,40,artist,https://open.spotify.com/artist/15qIW0R8ys6DkGKygGnMEN
Cầm,13680,33,artist,https://open.spotify.com/artist/56vNGG0GJtL6p8ltx7cLvj
MANBO,151437,53,artist,https://open.spotify.com/artist/2rKtPYcwYmevNcaqzJOwvf
M4U,1413,18,artist,https://open.spotify.com/artist/6YBjHTX07Tr0emMDH84LCj
Da LAB,1125272,61,artist,https://open.spotify.com/artist/6zUWZmyi5MLOEynQ5wCI5f
Doan Thuy Trang,245,0,artist,https://open.spotify.com/artist/1HbwKu3bS98LAc4FguS2OO
JokeS Bii,987,27,artist,https://open.spotify.com/artist/1FTyDLNQFIES677l00FdzD
Emcee L (Da LAB),195323,53,artist,https://open.spotify.com/artist/4bPYvyUn1mWwUwIW57oST2
Cao Thái Sơn,110474,35,artist,https://open.spotify.com/artist/2VUAd7F7SCWs7gYMGAQVxK
Low G,1640,33,artist,https://open.spotify.com/artist/1TiT5WFl2k9sMSw8YL6YYO
Thiều Bảo Trâm,136312,43,artist,https://open.spotify.com/artist/6RUfMGubOnHT1p3nfeXpBl
JSOL,209920,57,artist,https://open.spotify.com/artist/6EybZ5zwPNEtEngfrEMevN
Lâm Chấn Khang,75095,35,artist,https://open.spotify.com/artist/26NyVPtPZVaLKTuHhEKHQR
Lý Bực,7985,32,artist,https://open.spotify.com/artist/1pqC3oSnMeSmehSgahdji5
Dmean,125,27,artist,https://open.spotify.com/artist/0aaNbJrw0c0R4vIBeUmQCa
Hiderway,314,24,artist,https://open.spotify.com/artist/1ZVeU6iksFOdOCCfvavb28
Em Ellata,12017,36,artist,https://open.spotify.com/artist/2gHZhGddcfiD6ASs7pK1iD
Lynk Nguyen,4311,29,artist,https://open.spotify.com/artist/4NkJ2ST54TN8b1Mpp1d0Kh
Night T,1215,22,artist,https://open.spotify.com/artist/4IBkKTx3IJ2TLHpn6H9FKg
Nguyễn Trần Trung Quân,23108,23,artist,https://open.spotify.com/artist/0wohJm7vhpfcxS7IiUt0XQ
Kai Đinh,87243,52,artist,https://open.spotify.com/artist/3E6LGptA8lBEXPHAQCE3vr
Kidz,83215,41,artist,https://open.spotify.com/artist/6wZ01tGqWDyJ6vykbeaIFA
Vinz,1760,19,artist,https://open.spotify.com/artist/2bzQv7ULQH8ciOFdHeRHHh
Cain,3857,29,artist,https://open.spotify.com/artist/6kWudkWjOad7NFYhvNfzG0
16 Typh,277626,42,artist,https://open.spotify.com/artist/5U1dINFKjJlYNOSdMrHlRh
Phúc Bằng,21,22,artist,https://open.spotify.com/artist/1kBTzdie4KVFa9ueZyd0lH
Quân A.P,734096,55,artist,https://open.spotify.com/artist/2NRcG7E1j2sSi8vnUzCcpi
Double2T,103249,37,artist,https://open.spotify.com/artist/1NM99SQTX93oCkzvNXWJCf
Quách Thành Danh,2219,16,artist,https://open.spotify.com/artist/21PjoYbQZ8sOoCkt7EMYbN
Kim Chi Sun,5166,30,artist,https://open.spotify.com/artist/6R5x0FCE48rOtZjazPbRyh
Tra My,4934,35,artist,https://open.spotify.com/artist/1LEzXd7eLB1KiBhoDODFsX
Phuong Linh,43822,30,artist,https://open.spotify.com/artist/5ELPejPzr90MkvmpQEr3RU
Tấn Minh,16953,16,artist,https://open.spotify.com/artist/60IHdvyJCgusN5QLGNo8Se
Phương Ly,593030,53,artist,https://open.spotify.com/artist/5Kh0ta0UY4uJ4g2CIdq9V9
Truong Quynh Anh,4273,3,artist,https://open.spotify.com/artist/7mehX5dm0q6g9bqsqYjO6W
NICKY,27090,50,artist,https://open.spotify.com/artist/006RBJU7ScwRg9eouP4kJw
Ccmk,21360,41,artist,https://open.spotify.com/artist/2rlOStil9gdIb581pA8WaS
GPG msmy,5323,29,artist,https://open.spotify.com/artist/1BYxA12Ptu7vku1GY4bniO
BONN!EX,387,27,artist,https://open.spotify.com/artist/6kd0nlI8beYhd5PMv0u4KT
Freak D,133375,48,artist,https://open.spotify.com/artist/1yNjtowTJs05S2Xp2g7stg
Blue Music,1016,1,artist,https://open.spotify.com/artist/4JAMkhR1ue9x75tUIisEQZ
VƯƠNG BÌNH,1568,47,artist,https://open.spotify.com/artist/351mBX7BjjI2plbfozIzqb
Hoà Minzy,420357,47,artist,https://open.spotify.com/artist/3BWBxpXDxofgji3RKZPIz8
Kejo,22235,32,artist,https://open.spotify.com/artist/0Qbywcgl7wfMVk6WmW2LUh
fueled by boba,1512,39,artist,https://open.spotify.com/artist/4NKeJPVrlhASY3FXkQsLGn
Phương Anh Đào,564,43,artist,https://open.spotify.com/artist/6ZNAsA4h8V7SOLtiK8Vfav
Minh Huy,31880,49,artist,https://open.spotify.com/artist/5zT1Ku9mzzl6RW5y4z0hUK
OgeNus,48797,47,artist,https://open.spotify.com/artist/5mPbBOU2KMFfStepNZ027p
Saabirose,6817,36,artist,https://open.spotify.com/artist/3IMLi0C3EgNuwDiksTxiS5
Hoa Vinh,22267,35,artist,https://open.spotify.com/artist/516yIO7zjKJCIkRktGVUw5
JBEE7,1306,28,artist,https://open.spotify.com/artist/4b0il49i8iJcspFGvde130
KNG,1503,32,artist,https://open.spotify.com/artist/4QuHX3gBQSN2L2e1A06gE8
TINLE,1181,29,artist,https://open.spotify.com/artist/1jLYYT9QNuDI4zz4Ky9fyq
TGSN,17354,50,artist,https://open.spotify.com/artist/2OkxNsNz7QXCBwlME0fSsk
Mai Tiến Dũng,19745,38,artist,https://open.spotify.com/artist/4WBjLLe7H2Rqha7SSA0rLY
Jsdrmns,388,7,artist,https://open.spotify.com/artist/5ga5P2bTvSDu4rDRnXI33l
Mer,27456,39,artist,https://open.spotify.com/artist/0s9oqVCJ2iXTqSUR5fcky5
Đan Ni,29,19,artist,https://open.spotify.com/artist/5VeyCA3STfUjPXR5sPX6ft
Lil Shady,6050,28,artist,https://open.spotify.com/artist/1Tu9DctzLsjToUKxsOh6Fc
[Pink Hapless],4992,30,artist,https://open.spotify.com/artist/25BkDtSaW7eDJ0hcMO8niZ
minhmin,564,17,artist,https://open.spotify.com/artist/1Nym4K1ewbdN8mcp5lClSD
Remind,5313,21,artist,https://open.spotify.com/artist/5pGCE6kgFO9yJCiHu9X8NP
Nmọc,19408,37,artist,https://open.spotify.com/artist/0PNaXU7X4EjxSddZur4XJO
Rapital,149549,47,artist,https://open.spotify.com/artist/0wqus4nTxIoJvLZLwBt8Df
Ân ngờ,13477,39,artist,https://open.spotify.com/artist/3Myoe574gxIKLU5bKqjkFk
Đạt G,490351,50,artist,https://open.spotify.com/artist/4R3mugkUqCALXgkwSptTbg
D.Kies,1092,30,artist,https://open.spotify.com/artist/5NieebgCXvb8TUaUsO29L3
Isaac 365 DaBand,1215,4,artist,https://open.spotify.com/artist/3peZkVBqJ5ZFVUItxXdnEn
Lâm Vũ,9877,13,artist,https://open.spotify.com/artist/5BwjAjCwHned4iWcbUHnXc
Trương Thảo Nhi,3107,29,artist,https://open.spotify.com/artist/0MSThXXAv51swAKUOuZg8A
Chillies,925134,54,artist,https://open.spotify.com/artist/2xvW7dgL1640K8exTcRMS4
Quang Vinh,245,6,artist,https://open.spotify.com/artist/2MwWpySfQIYOk7oUOJrprH
Không Gian Cảm Xúc,1014,20,artist,https://open.spotify.com/artist/337jGAhZm8nqw6BhdtnhsA
hoo,10721,35,artist,https://open.spotify.com/artist/3m6jEnDtzQNbPcwI0XmoxL
JustaTee,1113060,59,artist,https://open.spotify.com/artist/3rjcQ5VIWCN4q7UFetzdeO
Brian,317,31,artist,https://open.spotify.com/artist/0nhYBGxxGTXrYIJK93X3LZ
Nhật Hoàng,16223,43,artist,https://open.spotify.com/artist/1owVn9TB2AwdiPqkaD29wX
Thương Võ,27548,35,artist,https://open.spotify.com/artist/53GiBeVA3f0NoX5ZR3FCZH
creamy,48848,59,artist,https://open.spotify.com/artist/2uSVRVjYZ0PlJPdFHnBETu
tlinh,1417037,65,artist,https://open.spotify.com/artist/3diftVOq7aEIebXKkC34oR
ปอยฝ้าย มาลัยพร,2855,22,artist,https://open.spotify.com/artist/7qdAd0tHKkdrOy0fru0oUR
SlimV,1883,36,artist,https://open.spotify.com/artist/2m8Bk9or6quybzoQbM0zQt
REX,1159,40,artist,https://open.spotify.com/artist/2cVTYSIzatkm0RXjOGsHb4
Tr.D,3564,46,artist,https://open.spotify.com/artist/6jiITlNS4hrm3dq90ZDftJ
Thanh Ngoc,3488,20,artist,https://open.spotify.com/artist/5ug2q1BzWBfTJzV93QK0R9
Longg,753,20,artist,https://open.spotify.com/artist/25PilakcHJVYBi2onpxxtI
2T,45505,41,artist,https://open.spotify.com/artist/5a9t9Ace3c3WLhwlYXsTGH
Hoàng Lụt,3042,26,artist,https://open.spotify.com/artist/4zzr02j2EEF4RBHGqksBqe
Vũ Duy Khánh,22602,36,artist,https://open.spotify.com/artist/7MsHVZKh1TeKgGqm65kZnY
JUUN D,164959,36,artist,https://open.spotify.com/artist/6yzbDKj9tQCYUyhAvrDNHW
Trịnh Đình Quang,195272,35,artist,https://open.spotify.com/artist/73jYB754ez8rGnHM79YeuE
SUNI,299753,50,artist,https://open.spotify.com/artist/4x1fUORHa2EsxrQ6ZzAoQ0
Hà Anh Tuấn,1259450,48,artist,https://open.spotify.com/artist/3FwYnbtGNt8hJfjNuOfpeG
Nhật Hào,1372,12,artist,https://open.spotify.com/artist/2qKwIfU7WcEuTa69UhnE3J
Hu Nan,18,9,artist,https://open.spotify.com/artist/5j2Ol9WFGK4ZJyngpfaa1c
Rocky CDE,16442,45,artist,https://open.spotify.com/artist/2lnesmkx2eGDj0wTUv61Ch
untrusted,19097,46,artist,https://open.spotify.com/artist/31mtcsgS3CJW5dEPlG83E7
Chees,48,2,artist,https://open.spotify.com/artist/1HCtRzjBZwU2Q9yDNOrLxE
Lương Gia Huy,15387,17,artist,https://open.spotify.com/artist/1S0Bsmjx0UHR7oz0JsZ3G4
Vu Bui Thu Thuy,43,3,artist,https://open.spotify.com/artist/3whwyWLciGwhpyaOCDh82a
Hải Băng,5779,16,artist,https://open.spotify.com/artist/4OXdfR1Hk5HzOyLWcEm87J
h0n,1298,28,artist,https://open.spotify.com/artist/4uwBXcx7pPGMEPlcQrfpdS
Stamp,581975,49,artist,https://open.spotify.com/artist/4e3QCzBNkr0t3GGqo86Ofl
Czee,4958,36,artist,https://open.spotify.com/artist/66sk3xFjXQ2dTL9fl2npjd
Nguyễn Trọng Nhân,1,6,artist,https://open.spotify.com/artist/57TyceNgGlEW6mtdkfmvZJ
La Thang,422,4,artist,https://open.spotify.com/artist/1oy7dXFDtJIzdhUJSzcX0C
Vũ Thịnh,32068,45,artist,https://open.spotify.com/artist/5CmaKrKVwzQ6iQnJx2cGAm
Đinh Tùng Huy,22915,39,artist,https://open.spotify.com/artist/0MlTK6GQD8zU4hf9LLj4ia
thaison!,5773,28,artist,https://open.spotify.com/artist/1VQyG9aks9QYQYzwmP12Fz
bf_huNG,780,18,artist,https://open.spotify.com/artist/6Um6sWmC0RAmFJYzcUinKX
Noo Phước Thịnh,817744,51,artist,https://open.spotify.com/artist/3mibIJiduF0MVLLAvHZAxw
Cẩm Ly,116233,33,artist,https://open.spotify.com/artist/5sXudh7NFkU6fjQL6BQOj0
Mew Amazing,1903,31,artist,https://open.spotify.com/artist/34nom4Ft3keMWBZPAUB3EI
T Team,40258,38,artist,https://open.spotify.com/artist/7gJkNlcHtpuOhvl1FIDK1y
The Fillin,2251,23,artist,https://open.spotify.com/artist/5W890TKSqnIFLIULvfkAzW
Hoaprox,20242,38,artist,https://open.spotify.com/artist/3tuxyjTQrEDsF0pV0WbqyR
AnhVu,2702,32,artist,https://open.spotify.com/artist/5gGVniqlle0PavKpdawRzs
Xuan Tuyen,54,0,artist,https://open.spotify.com/artist/6SrIw8WQTV3gDJCvbLDCw5
Mr T,616,32,artist,https://open.spotify.com/artist/75wcJQ5meDomIleKGw1T8o
Ha Bi,6,0,artist,https://open.spotify.com/artist/7fO6uBOog06LIENNhLS0aq
Keyo,5050,27,artist,https://open.spotify.com/artist/3v51tz8QfvAyKbA6rE6kTm
Lương Minh Trang,3930,18,artist,https://open.spotify.com/artist/1tJo3demkLZyzZ3ZNQTCxx
RHYDER,504829,63,artist,https://open.spotify.com/artist/1W2pigH6UYwuTuFbwoSfVZ
Luu Chi Vy,49508,19,artist,https://open.spotify.com/artist/46U2ia2nGNHbjUZmKcZB8w
"Trinh Thang Binh, OSAD",32701,7,artist,https://open.spotify.com/artist/4qqSMyqgety7pkwfQN07XX
Hoàng Minh Châu,4333,28,artist,https://open.spotify.com/artist/5392HdKV4myTd5QuOED77C
Tố Ny,253,21,artist,https://open.spotify.com/artist/0hRplnOyHP99DCSqvoaOgT
Lương Bằng Quang,1428,14,artist,https://open.spotify.com/artist/2qyEw72uyaU4SSPho6pyRp
Phan Mạnh Quỳnh,1037559,49,artist,https://open.spotify.com/artist/0aNyWetkjBvIdZvJY00yEa
Quang Vinh,52979,33,artist,https://open.spotify.com/artist/0IMvyEWySP665zddlejaSm
Lam Anh,13523,30,artist,https://open.spotify.com/artist/5trMq1OIockzQVpFicyrpn
Binz,1188785,59,artist,https://open.spotify.com/artist/2nSO7JYDbJrYbJmP39qUzj
Triple D,1017,35,artist,https://open.spotify.com/artist/7kIg00UV1mRLC4BgfGlCwH
Jiki X (Nguyễn Vũ Hùng),61,0,artist,https://open.spotify.com/artist/47ZBZwfCkqtzsOdjn8MM9s
datfitzx,1060,34,artist,https://open.spotify.com/artist/2rkSOVm1YGlmjYTgmmfZd7
Châu Đăng Khoa,29998,43,artist,https://open.spotify.com/artist/7oOFsgF6y3Z9wI7fgJTbFk
KraziNoyze,1358,30,artist,https://open.spotify.com/artist/1uBoOwCIbSlAyZZswoeOT3
GREY D,419232,60,artist,https://open.spotify.com/artist/6d0dLenjy5CnR5ZMn2agiV
Lê Bá Sơn,108,7,artist,https://open.spotify.com/artist/4yRXDHoMhgh2D6MxAowU0c
Lil Wuyn,164954,47,artist,https://open.spotify.com/artist/3Wj34lTDJnPp70u4YCl4jz
Gia Huy,6485,32,artist,https://open.spotify.com/artist/6hAJSs1BJmWdXo4K7Lexah
Hoàng Thùy Linh,884237,54,artist,https://open.spotify.com/artist/0r63ReVRjxrS4ATbLrdcrL
365DaBand,460,10,artist,https://open.spotify.com/artist/3T0DQqf12WVrbkSvmuNin3
Homie Boiz,30,20,artist,https://open.spotify.com/artist/2oSLZcf1n5RyC8AnsB44A4
Khang Luân,60,2,artist,https://open.spotify.com/artist/5s9rlade5LkrQS6LuF9zZ8
Winno,104511,51,artist,https://open.spotify.com/artist/23UOCFmQtFKvx2mFufMoJB
H2K,55101,44,artist,https://open.spotify.com/artist/1XlJB5SQSQTN5YoqJ15sAN
Kewtiie,40780,51,artist,https://open.spotify.com/artist/0wATZebE9ZNj7fTjTdwiJB
Dương Domic,382925,65,artist,https://open.spotify.com/artist/4KPyQxL1zqEiBcTwW6c9HE
Dfoxie37,6336,34,artist,https://open.spotify.com/artist/4zg9WrDAFl1dGh2eSWLnOG
Olew,86040,47,artist,https://open.spotify.com/artist/4APrfmUo8KRrjCVuyoKvwY
DMT,13825,42,artist,https://open.spotify.com/artist/54gIDmy6EgICaX1Uiez1iC
Híu,13366,25,artist,https://open.spotify.com/artist/2J5B9kGwZXEaP7Ys4ai9Qz
K-ICM,91609,45,artist,https://open.spotify.com/artist/6mD6SQbvl9pILx7SAHBzbq
HIEUTHUHAI,2161769,67,artist,https://open.spotify.com/artist/5HZtdKfC4xU0wvhEyYDWiY
Cheung,27265,1,artist,https://open.spotify.com/artist/2CYz62cthPQ03xzOFpq683
Vy Vy,2942,29,artist,https://open.spotify.com/artist/6H2gXTxEeGqSwsgWCIZs4j
Vũ.,2381545,63,artist,https://open.spotify.com/artist/57g2v7gJZepcwsuwssIfZs
traitimtrongvang,238,33,artist,https://open.spotify.com/artist/1mJGVcicJjUlltZ4okwGhn
Táo,401077,46,artist,https://open.spotify.com/artist/23xCr75lKvnFvKi8ImHE7S
Kain,2403,20,artist,https://open.spotify.com/artist/47kdZyg5G978v7kSnvr7sb
Nhật Nguyễn,337,26,artist,https://open.spotify.com/artist/6eUUjjYb09fbBMwsyRFaSt
Trung Tâm Băng Đĩa Lậu Hải Ngoại,39993,33,artist,https://open.spotify.com/artist/53hbIxngriO3apa2SXrS29
Nguyễn Hồng Thuận,1817,25,artist,https://open.spotify.com/artist/7xBuIrKTMHxIB1zpfLyo8B
Coldzy,53627,43,artist,https://open.spotify.com/artist/401ikVSob52311M6Fwnunt
MIN,1081381,54,artist,https://open.spotify.com/artist/0IdAjS2LRieBR3gzoazdAw
Tonny Việt,650,29,artist,https://open.spotify.com/artist/4xGlS3WQEDARPnl7MduIkQ
Doan Trang,6174,7,artist,https://open.spotify.com/artist/0SjJhjgc1D572KAnWda6rl
Anh Minh,5505,18,artist,https://open.spotify.com/artist/1tKNXazfgvm9iM6ZsFVyIP
Chí Công,24,9,artist,https://open.spotify.com/artist/4TP0j5YJfg4J4fdpfrlAX0
Trịnh Thăng Bình,479098,44,artist,https://open.spotify.com/artist/4co1OIKlUOsNNVJFSZzO9N
Tim,1114,14,artist,https://open.spotify.com/artist/7siryh1AVYW0Iv4T8kpDrl
Sơn Soho,597,8,artist,https://open.spotify.com/artist/4eveyVuyqN7hjBcVzDVae0
Nguyễn Minh Cường,40,9,artist,https://open.spotify.com/artist/0M47zn0D5LFHh59QCTM2UE
Khang Việt,0,0,artist,https://open.spotify.com/artist/1LttrSMGMOLGDPPwqQBdW6
Hào,68230,44,artist,https://open.spotify.com/artist/41o2x1AJ6KzUiz6JxYtCtJ
MiiNa,47293,34,artist,https://open.spotify.com/artist/76nos2JmvLyYGZ28ribrf7
WHEE!,13426,31,artist,https://open.spotify.com/artist/3Tr8fFMbWxysSzBztIqNPP
Cammie,60,18,artist,https://open.spotify.com/artist/70qzwZFMlpkYoAxQxeQlxX
Khổng Tú Quỳnh,7317,21,artist,https://open.spotify.com/artist/5m8xaSqgiYmwUUzahzgKur
Zer Nguyễn,3954,39,artist,https://open.spotify.com/artist/62WhadRyBmRJO56wP9oyPz
LK,35945,34,artist,https://open.spotify.com/artist/6S0JgJU2l6ds1EhZUJMQFk
Tridang,2,0,artist,https://open.spotify.com/artist/7ooiucbWXydMWYFas8CfeK
Lil Zpoet,42939,42,artist,https://open.spotify.com/artist/0T8DkuhhFhdWAMN0bdeLL7
Myra Trần,117371,45,artist,https://open.spotify.com/artist/0Y9KzsdFByEI4bigKF1htd
Aki,3372,19,artist,https://open.spotify.com/artist/7MkneAWCJX7dUEpx04bfQ9
LIME,832,7,artist,https://open.spotify.com/artist/6kduGaK3AJ5GASxqOOv4zL
Hương Ly,121219,39,artist,https://open.spotify.com/artist/3NckpPMWZSEus6PyV6LoVc
Minh Hang,7377,43,artist,https://open.spotify.com/artist/0K7K6pYpNBSlzeDx9vPVMB
Vũ Hữu Chí Thiện,81,0,artist,https://open.spotify.com/artist/4wuMu0xAmkNRMOjLYH676N
Khắc Việt,251245,41,artist,https://open.spotify.com/artist/7luDDYsfkSivBsoTz3BKMq
Anh Khang,45492,35,artist,https://open.spotify.com/artist/5kZm4Xqiu4GIhbm912n4fW
Kay Trần,32,13,artist,https://open.spotify.com/artist/5GvLotvVjdKDE6HPAKmDVu
Lazii,1305,35,artist,https://open.spotify.com/artist/2mrZ4gGfWba9oB1mfm9j90
Jack - J97,548297,44,artist,https://open.spotify.com/artist/3KJopZ2uUclqEtLxQg0FNn
Dick,112942,52,artist,https://open.spotify.com/artist/1tikl40deDgJWS57GTKiVh
CONGB,1857,13,artist,https://open.spotify.com/artist/0n5wPsNoNc7w1bElyNzY4Z
SpideyBoy,5362,44,artist,https://open.spotify.com/artist/3unhO6qR1h6msBm7QSUdPF
Renja,23396,20,artist,https://open.spotify.com/artist/2cKAEkWBpi8mNbjaL4361s
Phi Nhung,69813,32,artist,https://open.spotify.com/artist/6MddNz1oXWvuY1ZWrsRqQF
Kim Kunni,1810,17,artist,https://open.spotify.com/artist/2OONhLKGZlcgaA9PQ2e64g
Thuan Nguyen,69,34,artist,https://open.spotify.com/artist/0Tz9NpLMEwsdPcBurGdQh4
Hari Won,226425,24,artist,https://open.spotify.com/artist/74qKyXT7meuJ49jbtCXk7s
267,12583,42,artist,https://open.spotify.com/artist/1jLM6ulW6ldwRWX9smNYmt
Huy Thái,123,14,artist,https://open.spotify.com/artist/0oVPpOTgU2D9tKzQLwf8uB
Clean Bandit,5755613,75,artist,https://open.spotify.com/artist/6MDME20pz9RveH9rEXvrOM
Chu Bin,82264,31,artist,https://open.spotify.com/artist/2O80TFPHgMkNQ3Unwa401Y
Huỳnh Văn,2078,37,artist,https://open.spotify.com/artist/5NTaNiqKj5W38izmUj435H
Dương Bảo Ly,92,3,artist,https://open.spotify.com/artist/0hMt8pRasnNaIbSCt26KcH
Rain Radio,4386,0,artist,https://open.spotify.com/artist/0CsAMUgflvraCehhPxqBYj
Hà Duy Thái,10406,28,artist,https://open.spotify.com/artist/2og0kVAmyg1hOq6yJxcYlO
Đậu Tất Đạt,1155,39,artist,https://open.spotify.com/artist/37yCp3F1wG0gNrnaLkIdDV
MTV Band,653,34,artist,https://open.spotify.com/artist/4yPMFGDr3rHwOyyS634Rzd
Kay Chau Anh,6196,42,artist,https://open.spotify.com/artist/0sHgkSy46mGBuQLmyusrKu
Ngơ,527954,41,artist,https://open.spotify.com/artist/4RGBKkUyyvsim9vdBKCCkc
H.A.T,96,25,artist,https://open.spotify.com/artist/0RJnd3uAsxwgyicVqjjiJj
Nguyễn Đình Vũ,104505,40,artist,https://open.spotify.com/artist/1gjeO7nm4QagscrFBbHiSZ
Awai,93,9,artist,https://open.spotify.com/artist/0c2yZIhpaVnrU9mzULHGzA
Ngô Lan Hương,74297,48,artist,https://open.spotify.com/artist/3y0Tmt0epaxAHy6L89dGGC
Deus Tiến Đạt,2891,32,artist,https://open.spotify.com/artist/2UMBxgeruRK9rpr2kkNze0
Thanh Thảo,3443,24,artist,https://open.spotify.com/artist/6YdeJQN8W4lJO8afHzUhFq
TINO,2267,28,artist,https://open.spotify.com/artist/1H3wX90oKRfy2zHFpWRzeX
Shiki,54878,62,artist,https://open.spotify.com/artist/3hRnvEdu1iPyB6EzMBbuZq
Pixel Neko,21526,37,artist,https://open.spotify.com/artist/6lKBdKySIpWUb4tA7hYzU7
Công Dương,28996,45,artist,https://open.spotify.com/artist/7rpD9lGecstoaVj2vGXUex
Phuc Du,111256,45,artist,https://open.spotify.com/artist/0qkGQFUrj8ERPAZcdpa79j
Hamlet Trương,30445,27,artist,https://open.spotify.com/artist/3pPDTtBCrtELyG9u4PVdYC
JP Long,4239,0,artist,https://open.spotify.com/artist/77szF2ohw5Wsr8WS7he6E3
W/N,1553965,58,artist,https://open.spotify.com/artist/6NF9Oa4ThQWCj6mogFSrVD
Nhat Tinh Anh,34837,22,artist,https://open.spotify.com/artist/3bUUOjtOa3iJ0b7dQBvpnp
Lê Văn Ninh,165,0,artist,https://open.spotify.com/artist/4JIpKQOL4FiRtuboMocyPp
Thanh Bùi,10637,29,artist,https://open.spotify.com/artist/2q8305j8iKRCQr7Tn6woin
TiLo,5224,25,artist,https://open.spotify.com/artist/0QofcPIiFvbPRSgCzF42BX
MFREE,1552,35,artist,https://open.spotify.com/artist/3Gx0fp4mXr6YU4DONMHqB8
Fay,692,0,artist,https://open.spotify.com/artist/0NSM0uoVdVJb7fDCZTcxL3
Lê Vũ,7205,23,artist,https://open.spotify.com/artist/5t18GHcI1L5EeeMCQLKchZ
Bao Thy,468,23,artist,https://open.spotify.com/artist/5Oy6pJQLpdKlYvpa3NWCPv
binqang,112,24,artist,https://open.spotify.com/artist/675xpzZIblnfsuIgYe6iTN
Văn Vjp Pro,1908,3,artist,https://open.spotify.com/artist/0hlkeifpLWMJmlwN4sq3Ra
Mỹ Mỹ,4016,29,artist,https://open.spotify.com/artist/21trGUfOb8qkRjI4EyF1qm
bbno$,1917298,77,artist,https://open.spotify.com/artist/41X1TR6hrK8Q2ZCpp2EqCz
Lyly,313789,45,artist,https://open.spotify.com/artist/4POahBr8YCPNKGErIiofyx
Voi Bản Đôn,5069,33,artist,https://open.spotify.com/artist/485ZBvx89ZzKuDS5Cjlyc3
Mèow Lạc,13761,27,artist,https://open.spotify.com/artist/1984OVQ0KnJW80MiZYOrFF
OnlyC Karik,36388,7,artist,https://open.spotify.com/artist/4MWvexpfvuORfFU1XF5G2A
911,175008,41,artist,https://open.spotify.com/artist/3H7pODXycF821OnRyAw2VT
Rin Music,646,32,artist,https://open.spotify.com/artist/7gyVDk9xxIXh1sCDeSC7Wf
Gill,128206,53,artist,https://open.spotify.com/artist/5Hv9MhUFvGlYurce5BDRUh
Larria.,7715,37,artist,https://open.spotify.com/artist/1qdb7jDQjPd8WWpayCRh5V
ferb iu em,1177,31,artist,https://open.spotify.com/artist/3X1WfyYfghDUCzeVgVEXeM
Gia Linh,31,0,artist,https://open.spotify.com/artist/4uPquGOVQCt2IItPjkqyYb
RPT Phongkhin,19,33,artist,https://open.spotify.com/artist/507GazaO91Ut3S2DSeCJwh
Lâm Tuấn,1829,36,artist,https://open.spotify.com/artist/7b7aNw5nu9VYfPJuZfHPY4
Bâu,447,25,artist,https://open.spotify.com/artist/2KBCzFu6IEUuCiBpblpRRF
LONGK,68,15,artist,https://open.spotify.com/artist/2zYHfXyQ432mvYJuP2cbp9
Xoliez,173,30,artist,https://open.spotify.com/artist/4a8vmIxRe372OhWSks9vpb
Hiya,4453,34,artist,https://open.spotify.com/artist/36HqaJcdxxKup5AbhP87k5
marzuz,24912,55,artist,https://open.spotify.com/artist/3y6Lfjkrdn5TgkbgDxbpvM
HKT,653,0,artist,https://open.spotify.com/artist/5tL7CiJqdNIcfoTfnXDTts
Dear Jane,270093,54,artist,https://open.spotify.com/artist/6V1SwiosQqf5XvmoTMCGa9
Đức Trường,3359,38,artist,https://open.spotify.com/artist/4R2engiAed6QeIV63PDAz0
Tree Palm,6235,24,artist,https://open.spotify.com/artist/5GGCTNsiLMzWjPs7z3mlJh
Minh AK,3902,39,artist,https://open.spotify.com/artist/7osYr3sHnwRVKLgzQSQu6D
The Cassette,46555,40,artist,https://open.spotify.com/artist/1fQjpmcx8iNIy1gKRelTD2
LostOwl,527,17,artist,https://open.spotify.com/artist/2nO3NsrkKhV3cBI7X1wYbb
Limitlxss,14967,30,artist,https://open.spotify.com/artist/7CvaEyUJFgQOdgzfqqU5t7
Lửa,7214,34,artist,https://open.spotify.com/artist/4HOm37irsRwVEddNx6d0lq
Nguyễn Đức Cường,106,12,artist,https://open.spotify.com/artist/4iTVdVscJQjzXSnBYZSQiY
Hà Lê,10248,45,artist,https://open.spotify.com/artist/0hWPa5etsuzHraxEq4xt6U
Tiên Cookie,251405,34,artist,https://open.spotify.com/artist/0UzTVrRT0KTsJDxmlcGfQG
Hustlang HBo,762,33,artist,https://open.spotify.com/artist/2itstf0djeNx1XIZ69k0go
Andree,24152,23,artist,https://open.spotify.com/artist/5waZQnTO9NO67YqO7KogDV
Jay Bach,1464,28,artist,https://open.spotify.com/artist/2tQ0caRvEKWcvLk7HCOjMl
Xì Trum,42,22,artist,https://open.spotify.com/artist/3ivDXEluaeWs0ZHkqEAY7k
Nhật Nguyễn,261,25,artist,https://open.spotify.com/artist/2S3B3QTf6Yo5ttWSWPXAsz
Ali Hoàng Dương,98980,54,artist,https://open.spotify.com/artist/4RPhZ2g5GYff0hKNBlZKXh
Pmars,68,14,artist,https://open.spotify.com/artist/5ZRHI0BGJe7gRcE6MCabuz
Nam Ngo,28,15,artist,https://open.spotify.com/artist/5rEpvWrgw0tvax27frKVlH
My Anh,31992,37,artist,https://open.spotify.com/artist/3C9BZr3AmjZ89zzcOdkA4i
Anh Quân Idol,37359,44,artist,https://open.spotify.com/artist/0jF7Zlz8P5p74zcH7YwcMU
Ngô Trúc Linh,1838,31,artist,https://open.spotify.com/artist/3bIjTVTHxlmjX6evb17xMM
Trương Thế Vinh,17871,42,artist,https://open.spotify.com/artist/2Dqd1HqXNuDhsdR7BGT590
Pham Dinh Thai Ngan,69371,43,artist,https://open.spotify.com/artist/6Ca5ccx9CM1kd0LBz1T83U
Đàm Vĩnh Hưng,84594,35,artist,https://open.spotify.com/artist/4ht0wODL01ELRxlDYvsFad
Nhóm Dưa Hấu,5,2,artist,https://open.spotify.com/artist/6a0LdauISpBDFaS0lrMQ8n
Trungng,1098,34,artist,https://open.spotify.com/artist/60KOzc3SHHzq8PgKHeXB9z
MONSTAR,233686,47,artist,https://open.spotify.com/artist/2CLdtsyD2NsTOBBOVr7fi8
Pháo,251729,49,artist,https://open.spotify.com/artist/4en2ObzSYlIYbCGknXjgG9
Drum7,14561,49,artist,https://open.spotify.com/artist/0gsqfuR0OFF5SSai7lsPrj
Alex Dương,2461,9,artist,https://open.spotify.com/artist/5psbZA47eQziEQRvpjkqDW
Hổ,2045,34,artist,https://open.spotify.com/artist/31tcsz1SJ59GeQQEJeKuvZ
Mai Vũ Luân,476,11,artist,https://open.spotify.com/artist/42P6eYcnQSZUOwdSQtIgKK
Ông Cao Thắng,3851,27,artist,https://open.spotify.com/artist/7E4u2CbTv2fxJ1icOJoABa
Giang Nguyễn,336,33,artist,https://open.spotify.com/artist/0aDZC2CPSqgpZwzqrh0DeF
Lương Tùng Quang,9722,29,artist,https://open.spotify.com/artist/41eUMVb8BInRlwH1Cx6v3N
Lil Van,46833,45,artist,https://open.spotify.com/artist/5MTrg4flzchU1dnhISyKEF
Yuri,1703,26,artist,https://open.spotify.com/artist/0JXBRH2BmhaJ1RsRpizhm5
HURRYKNG,251072,59,artist,https://open.spotify.com/artist/5ulyphh5uJrH4Gb1JpSMkV
RIN9,23378,41,artist,https://open.spotify.com/artist/6InVt9jASvsJY7qA60AGzf
Tib,46,26,artist,https://open.spotify.com/artist/4q4JzaaZJaVZWhI2sBquYQ
Song Luân,63290,53,artist,https://open.spotify.com/artist/0iqum9KAHh3LkgDhuqvTxM
clare.,84,19,artist,https://open.spotify.com/artist/4yJrVcJVqaqz5tygYrVaQ1
Anh Tú,187710,51,artist,https://open.spotify.com/artist/7LLfmKhGZI11XO0dO4xDI7
Bình Gold,284406,50,artist,https://open.spotify.com/artist/3oB1lv9FWDKbNOUvdTw75Q
B Ray,995546,59,artist,https://open.spotify.com/artist/1WvNgEoB66jmHodcj15Zi9
T-Bin,79,4,artist,https://open.spotify.com/artist/43kPiPXU117dSnIub22l3X
Tóc Tiên,279784,50,artist,https://open.spotify.com/artist/4YkqEuVf1Jf2x2XDqJ2CvC
Khắc Hưng,2536,31,artist,https://open.spotify.com/artist/2mx5AAdmlMxMcrcd7AQh1j
Truyền Hình FPT,3706,20,artist,https://open.spotify.com/artist/3eVRIcs5It7zV5sMc7O1hT
Sara Lưu,117,29,artist,https://open.spotify.com/artist/7AqIud2VGDqrSfcFX54irO
Flo D,4888,17,artist,https://open.spotify.com/artist/25cLQ8alZJssXY06KE3SZP
LyHan,610,32,artist,https://open.spotify.com/artist/70swmqj7c3SHkkdf2SrSUy
Tùng,79413,45,artist,https://open.spotify.com/artist/1TdtsDVivxc6PpkQdNuXdR
Dương 565,866,8,artist,https://open.spotify.com/artist/3IG7FNyhnSx5JdETEblgQM
BAN,65740,51,artist,https://open.spotify.com/artist/0CO1IZAPmgTbkfXvcRCLsL
Bảo Anh,510379,45,artist,https://open.spotify.com/artist/4fCHhderLwLacsIOIKgu3J
DREAMeR,6033,37,artist,https://open.spotify.com/artist/1f3aY4gX0O9B59iQyZXY0I
RealestK,442242,58,artist,https://open.spotify.com/artist/35R1B97CfrqKFFI3QBkTDx
LCKing,872,29,artist,https://open.spotify.com/artist/52ahCW0tix6IhP2CW50zAq
SIVAN,57705,46,artist,https://open.spotify.com/artist/0wJWawRvX8K9joiK9QqkX5
Vy Oanh,113816,28,artist,https://open.spotify.com/artist/4qnRWrsA4QoiuNSxwoJYwq
DTAP,73,39,artist,https://open.spotify.com/artist/4TVlo7hVwm2Gx37EqbC0Ds
Sáo,18419,35,artist,https://open.spotify.com/artist/0CkuQCslREF7yuvAqJXVuz
Hustlang Robber,137796,53,artist,https://open.spotify.com/artist/3JWIaDWHJq11w1xPqJStEv
